,time,position_x,position_y,Goal_x,Goal_y,distance,azimuth,direction
0,2020-01-13 15:33:16.743226,35.660533,139.794851,35.658581,139.745433,0,0,
1,2020-01-13 15:33:16.743226,35.660383716784544,139.78991849432833,35.658581,139.745433,4033.111038394742,267.1702997325937,west
2,2020-01-13 15:33:16.771497,35.66028541441614,139.78551764319113,35.658581,139.745433,3634.577774289218,267.02920175109824,west
3,2020-01-13 15:33:16.787129,35.6601736214596,139.7815671514449,35.658581,139.745433,3276.7090575756743,266.91919872329817,west
4,2020-01-13 15:33:16.802749,35.660095202715816,139.77795686910295,35.658581,139.745433,2949.820126807669,266.7444736631458,west
5,2020-01-13 15:33:16.818372,35.66004056080568,139.7748027603241,35.658581,139.745433,2664.354788136423,266.52391695207154,west
6,2020-01-13 15:33:16.834034,35.65993240942826,139.77191974590517,35.658581,139.745433,2403.0562053707135,266.43033514013405,west
7,2020-01-13 15:33:16.849656,35.65984628638819,139.76931566230408,35.658581,139.745433,2167.127124896206,266.29272829007965,west
8,2020-01-13 15:33:16.865276,35.65980037327421,139.76702536744497,35.658581,139.745433,1959.8648652574182,266.047922170411,west
9,2020-01-13 15:33:16.865276,35.65968434991154,139.76487349965774,35.658581,139.745433,1764.590718424427,266.02753859111743,west
10,2020-01-13 15:33:16.880896,35.65958769246895,139.76294771128903,35.658581,139.745433,1589.8881029235997,265.97655634660885,west
11,2020-01-13 15:33:16.880896,35.65951233493364,139.76129447110284,35.658581,139.745433,1439.971760142852,265.88947163886377,west
12,2020-01-13 15:33:16.896501,35.65946618670641,139.75973680134976,35.658581,139.745433,1298.9307191960384,265.66782198967223,west
13,2020-01-13 15:33:16.896501,35.65940026130238,139.75837667106364,35.658581,139.745433,1175.5723316491735,265.56904185059955,west
14,2020-01-13 15:33:16.896501,35.659385024598045,139.75717977790714,35.658581,139.745433,1067.4082044620911,265.20933433372903,west
15,2020-01-13 15:33:16.912122,35.659305323275774,139.75606170713056,35.658581,139.745433,965.7822734340026,265.2298262551992,west
16,2020-01-13 15:33:16.912122,35.659317690121725,139.7550355515456,35.658581,139.745433,873.3473457872234,264.6325504595582,west
17,2020-01-13 15:33:16.912122,35.65928839201787,139.7540858070595,35.658581,139.745433,787.4357827680242,264.2821111680357,west
18,2020-01-13 15:33:16.927747,35.65930786216487,139.75331121765467,35.658581,139.745433,717.9191774132403,263.5523717401194,west
19,2020-01-13 15:33:16.927747,35.659267681554404,139.7525371506058,35.658581,139.745433,647.7793294998985,263.24753990958027,west
20,2020-01-13 15:33:16.927747,35.65929598641002,139.7519112715483,35.658581,139.745433,591.9492749409528,262.3002629403431,west
21,2020-01-13 15:33:16.943365,35.65931434539428,139.75133149020803,35.658581,139.745433,540.2722655469202,261.3398441524592,west
22,2020-01-13 15:33:16.943365,35.65931518573177,139.7507800501854,35.658581,139.745433,490.9817771247238,260.4513265739251,west
23,2020-01-13 15:33:16.958961,35.65931763827837,139.75025786083862,35.658581,139.745433,444.47190312528693,259.4052367700113,west
24,2020-01-13 15:33:16.958961,35.659324061682305,139.74981107711275,35.658581,139.745433,404.9182416035773,258.25323685369625,west
25,2020-01-13 15:33:16.958961,35.659321179144534,139.74943610762435,35.658581,139.745433,371.66938151964615,257.2356154885986,west
26,2020-01-13 15:33:16.974609,35.65930286937834,139.7490442056979,35.658581,139.745433,336.66184494176827,256.23816053389805,west
27,2020-01-13 15:33:16.974609,35.659309347558576,139.7486832411547,35.658581,139.745433,305.2034944374369,254.64700034757442,west
28,2020-01-13 15:33:16.990236,35.65927807918572,139.74837093246148,35.658581,139.745433,277.04560096337775,253.790184344856,west
29,2020-01-13 15:33:16.990236,35.65926961136922,139.74810273914116,35.658581,139.745433,253.53199884657863,252.46173718346054,west
30,2020-01-13 15:33:17.005823,35.65923284741407,139.74788228999086,35.658581,139.745433,233.2787305587656,251.93946379168617,west
31,2020-01-13 15:33:17.005823,35.659187071823695,139.74764293019138,35.658581,139.745433,211.10648209347934,251.42615117476944,west
32,2020-01-13 15:33:17.005823,35.659197965971536,139.74744525568573,35.658581,139.745433,194.64485683279588,249.41006213323104,west
33,2020-01-13 15:33:17.021473,35.65916569404479,139.74726177017203,35.658581,139.745433,177.84976951797776,248.607409945657,west
34,2020-01-13 15:33:17.021473,35.6591582660719,139.74715714478532,35.658581,139.745433,168.7494534264801,247.69455599549198,west
35,2020-01-13 15:33:17.037094,35.65915516966818,139.74703584389476,35.658581,139.745433,158.50392429506184,246.30229537600414,west
36,2020-01-13 15:33:17.045280,35.659152308699504,139.74697304047697,35.658581,139.745433,153.18200536174336,245.55605368477535,west
37,2020-01-13 15:33:17.051274,35.659148335665144,139.74686334593136,35.658581,139.745433,144.0048325950754,244.08013596042107,west
38,2020-01-13 15:33:17.057256,35.659176362038586,139.74673647289805,35.658581,139.745433,135.2575453622961,240.76625008730264,west
39,2020-01-13 15:33:17.063241,35.659134266539326,139.74665753492607,35.658581,139.745433,126.74044066698043,241.03062833308138,west
40,2020-01-13 15:33:17.069234,35.65910586900759,139.74659696545606,35.658581,139.745433,120.41609025015254,241.07824214668025,west
41,2020-01-13 15:33:17.075209,35.65911894163009,139.7465424846817,35.658581,139.745433,116.85675962815043,239.2856792433362,west
42,2020-01-13 15:33:17.081195,35.65915339679048,139.7464957214057,35.658581,139.745433,115.297750417463,236.57663226878697,west
43,2020-01-13 15:33:17.087186,35.65916332634019,139.7464237043972,35.658581,139.745433,110.55398928423018,234.23780824839463,west
44,2020-01-13 15:33:17.093116,35.65914115845164,139.74641125411256,35.658581,139.745433,108.21000387348968,234.94572612697598,west
45,2020-01-13 15:33:17.098147,35.65916086894552,139.74634987374614,35.658581,139.745433,105.03449509037061,232.2267474876871,west
46,2020-01-13 15:33:17.104115,35.65916092316544,139.74632410824537,35.658581,139.745433,103.20398864638787,231.4306769806941,west
47,2020-01-13 15:33:17.110115,35.65912129449659,139.74628209769355,35.658581,139.745433,97.49429599563898,232.0571693008776,west
48,2020-01-13 15:33:17.116056,35.65909013742191,139.74626041160892,35.658581,139.745433,93.83238553809453,232.98462174486625,west
49,2020-01-13 15:33:17.121087,35.65905758366262,139.74620073891478,35.658581,139.745433,87.34422677406023,232.74255656110358,west
50,2020-01-13 15:33:17.127069,35.659088426077666,139.74621807265956,35.658581,139.745433,90.68252984552905,231.62196472674543,west
51,2020-01-13 15:33:17.133053,35.65913594047057,139.74623917297845,35.658581,139.745433,95.49881929982884,229.85387094941154,west
52,2020-01-13 15:33:17.139037,35.65910773873655,139.74621405455693,35.658581,139.745433,91.74744451627559,230.43178331566554,west
53,2020-01-13 15:33:17.144981,35.65906385831278,139.74615124275874,35.658581,139.745433,84.26183608355124,230.5202019914784,west
54,2020-01-13 15:33:17.150960,35.6591081730133,139.7461744764256,35.658581,139.745433,89.04573056890737,228.93879573763476,west
55,2020-01-13 15:33:17.156001,35.659128778335635,139.74615374000746,35.658581,139.745433,89.18071938101642,227.03852103270788,west
56,2020-01-13 15:33:17.161977,35.659167112481654,139.74615690910247,35.658581,139.745433,92.33544574691632,225.22815104221272,west
57,2020-01-13 15:33:17.168015,35.65914082023267,139.74613501756022,35.658581,139.745433,88.87621477294655,225.66321348385512,west
58,2020-01-13 15:33:17.172998,35.65912690472581,139.74610840571697,35.658581,139.745433,86.07560344195117,225.27727313135813,west
59,2020-01-13 15:33:17.178980,35.659151181959,139.74607282883196,35.658581,139.745433,85.78404736697767,222.48378467860869,south
60,2020-01-13 15:33:17.184964,35.6591686721374,139.74609272059348,35.658581,139.745433,88.4316649694287,222.49526085917984,south
61,2020-01-13 15:33:17.190947,35.659215279808514,139.74607808238412,35.658581,139.745433,91.45852204982572,219.69341562354552,south
62,2020-01-13 15:33:17.196934,35.65923503066047,139.74610287941047,35.658581,139.745433,94.57939417089054,219.89221800782065,south
63,2020-01-13 15:33:17.202915,35.65917961825328,139.7460682531322,35.658581,139.745433,87.86477843223264,220.89479898399642,south
64,2020-01-13 15:33:17.208900,35.65914426074971,139.74604731478001,35.658581,139.745433,83.66578626496464,221.672145281293,south
65,2020-01-13 15:33:17.214883,35.6591359510733,139.74606100703207,35.658581,139.745433,83.81556001849728,222.72433383970431,south
66,2020-01-13 15:33:17.220870,35.65912647430278,139.74601890615648,35.658581,139.745433,80.48369223245912,221.2382957688791,south
67,2020-01-13 15:33:17.226852,35.659174978242646,139.74600314551975,35.658581,139.745433,83.71741451182795,218.07429492436376,south
68,2020-01-13 15:33:17.232836,35.659148179404156,139.7460047053768,35.658581,139.745433,81.48703170710544,219.44189385043796,south
69,2020-01-13 15:33:17.238820,35.65911766570729,139.74601472353382,35.658581,139.745433,79.49991162305436,221.49735263323458,south
70,2020-01-13 15:33:17.244806,35.659165964770374,139.74597833999795,35.658581,139.745433,81.55312117384393,217.26528372504043,south
71,2020-01-13 15:33:17.250787,35.659191598271995,139.74603255922958,35.658581,139.745433,86.81684512536097,218.70754710280434,south
72,2020-01-13 15:33:17.256772,35.65920712778276,139.74607531260682,35.658581,139.745433,90.60317579117282,219.93668701805473,south
73,2020-01-13 15:33:17.262756,35.65916897050905,139.7460781473112,35.658581,139.745433,87.57029540567429,221.8439929343052,south
74,2020-01-13 15:33:17.269693,35.65916610699994,139.74607054846882,35.658581,139.745433,86.87511164594206,221.64570832600725,south
75,2020-01-13 15:33:17.274726,35.65916598953361,139.74609192401746,35.658581,139.745433,88.16360164729382,222.59136609003397,south
76,2020-01-13 15:33:17.281660,35.65916250890541,139.74606278526673,35.658581,139.745433,86.11004934497703,221.47269916518928,south
77,2020-01-13 15:33:17.287689,35.65918067254046,139.74606928993433,35.658581,139.745433,88.01466452950207,220.89114501249688,south
78,2020-01-13 15:33:17.293673,35.659222195286134,139.74611109343448,35.658581,139.745433,93.97547337691186,220.7970500699873,south
79,2020-01-13 15:33:17.299657,35.65924488011979,139.746048509461,35.658581,139.745433,92.3690166049527,217.113296512987,south
80,2020-01-13 15:33:17.306594,35.659259931325465,139.74605874482933,35.658581,139.745433,94.26034016050299,216.95005377567944,south
81,2020-01-13 15:33:17.312623,35.65922463950482,139.74604251130114,35.658581,139.745433,90.255142374855,217.69857691835136,south
82,2020-01-13 15:33:17.318590,35.659232255152006,139.7460622152952,35.658581,139.745433,92.01912270262703,218.25587942110238,south
83,2020-01-13 15:33:17.325543,35.65920152318692,139.74605104932562,35.658581,139.745433,88.72531546171062,219.1065746185188,south
84,2020-01-13 15:33:17.331555,35.65917321439147,139.74604948257874,35.658581,139.745433,86.21884940175622,220.3500941225013,south
85,2020-01-13 15:33:17.337545,35.659164280541695,139.74607766598677,35.658581,139.745433,87.15413556744055,222.05085893217355,south
86,2020-01-13 15:33:17.343526,35.65912037573736,139.74609860798185,35.658581,139.745433,84.93556085554381,225.203343774329,west
87,2020-01-13 15:33:17.350476,35.65914449586946,139.74610753638447,35.658581,139.745433,87.40499656614887,224.33185421918617,south
88,2020-01-13 15:33:17.356460,35.65914511902203,139.7460570057617,35.658581,139.745433,84.3224307366661,222.07451725684362,south
89,2020-01-13 15:33:17.362472,35.659163724748204,139.74600917933583,35.658581,139.745433,83.08009801566575,218.9019678033638,south
90,2020-01-13 15:33:17.368456,35.659176643405615,139.74596421718564,35.658581,139.745433,81.74013608479564,216.04892596269983,south
91,2020-01-13 15:33:17.374440,35.65918791443763,139.74594211523734,35.658581,139.745433,81.60744870954714,214.39594545449654,south
92,2020-01-13 15:33:17.380423,35.65916917845453,139.74591998889082,35.658581,139.745433,78.76175124012461,214.0475562183834,south
93,2020-01-13 15:33:17.387378,35.65912459592294,139.7459210514283,35.658581,139.745433,74.77134358989429,216.23136955985754,south
94,2020-01-13 15:33:17.393428,35.65909926291191,139.74592631022728,35.658581,139.745433,72.81425832527015,217.8410634237318,south
95,2020-01-13 15:33:17.399379,35.659104797901726,139.74594859558002,35.658581,139.745433,74.54712541508862,218.77637196468456,south
96,2020-01-13 15:33:17.405358,35.659066301777735,139.7459773461097,35.658581,139.745433,72.99947321297483,222.47147849868088,south
97,2020-01-13 15:33:17.412324,35.65912815795887,139.74599581884803,35.658581,139.745433,79.26421543605115,220.0128301259027,south
98,2020-01-13 15:33:17.418326,35.65917597807275,139.74598216814715,35.658581,139.745433,82.64814721540817,216.99016899397057,south
99,2020-01-13 15:33:17.424307,35.659222015051576,139.74593760291415,35.658581,139.745433,84.5348706855134,212.71853556269386,south
100,2020-01-13 15:33:17.431260,35.65918118288214,139.7459409395112,35.658581,139.745433,80.9317027719624,214.6324537333955,south
101,2020-01-13 15:33:17.437297,35.65917197998715,139.74591087714342,35.658581,139.745433,78.56204422792766,213.422040181954,south
102,2020-01-13 15:33:17.443280,35.65918806205253,139.74594091892268,35.658581,139.745433,81.5598284663124,214.3266514915976,south
103,2020-01-13 15:33:17.450210,35.659233858244654,139.7459428439749,35.658581,139.745433,85.89749316582457,212.5111117488664,south
104,2020-01-13 15:33:17.456230,35.65927705750943,139.74590322581315,35.658581,139.745433,88.18938884000812,208.86950922104057,south
105,2020-01-13 15:33:17.462230,35.659227579293166,139.74593807266288,35.658581,139.745433,85.07779693711058,212.51790875230193,south
106,2020-01-13 15:33:17.469184,35.659237746437725,139.74593283000831,35.658581,139.745433,85.77972813769932,211.84546959245677,south
107,2020-01-13 15:33:17.475180,35.659217511483156,139.74593290596295,35.658581,139.745433,83.88463044749005,212.65860181593908,south
108,2020-01-13 15:33:17.481171,35.659252231787775,139.74594185475874,35.658581,139.745433,87.5763030652134,211.74484077077042,south
109,2020-01-13 15:33:17.488108,35.659217650945926,139.7459186498292,35.658581,139.745433,83.20825788442863,211.90446739598482,south
110,2020-01-13 15:33:17.494146,35.65925279598985,139.74595928137862,35.658581,139.745433,88.46945627677141,212.5926192948974,south
111,2020-01-13 15:33:17.500560,35.65927688064927,139.7459535204913,35.658581,139.745433,90.45941575601954,211.40243226993556,south
112,2020-01-13 15:33:17.507590,35.65923979614514,139.7459890275825,35.658581,139.745433,88.75741907836041,214.55950566976736,south
113,2020-01-13 15:33:17.514526,35.659207691983354,139.74600930002683,35.658581,139.745433,86.93704010510328,216.8881534686303,south
114,2020-01-13 15:33:17.521541,35.65922608433232,139.74601715847916,35.658581,139.745433,88.99874171051061,216.4659630956957,south
115,2020-01-13 15:33:17.528524,35.65918408719955,139.74602865400755,35.658581,139.745433,85.94573993703281,218.87100867814138,south
116,2020-01-13 15:33:17.535521,35.65915539076739,139.7460461703019,35.658581,139.745433,84.5240864497761,221.06310154744975,south
117,2020-01-13 15:33:17.542496,35.65912926899739,139.74604652423807,35.658581,139.745433,82.38243825321194,222.40413080837982,south
118,2020-01-13 15:33:17.550474,35.659126111439164,139.7460823421321,35.658581,139.745433,84.35193833981019,224.19163351281304,south
119,2020-01-13 15:33:17.557439,35.65908647982725,139.74610258900546,35.658581,139.745433,82.59323043150064,227.231298730439,west
120,2020-01-13 15:33:17.565390,35.659100436015734,139.7461211796926,35.658581,139.745433,84.88048653532444,227.2355965821018,west
121,2020-01-13 15:33:17.572374,35.65915151157465,139.74606691772433,35.658581,139.745433,85.45054848143033,222.2025459119413,south
122,2020-01-13 15:33:17.579352,35.65913287041113,139.74609972879222,35.658581,139.745433,85.98920747642855,224.59549594056065,south
123,2020-01-13 15:33:17.586335,35.65915173816852,139.7460904625849,35.658581,139.745433,86.91538832799284,223.23259281989885,south
124,2020-01-13 15:33:17.592369,35.65916396470001,139.74612134438001,35.658581,139.745433,89.82598208114707,223.939474950514,south
125,2020-01-13 15:33:17.599344,35.6591349512384,139.7461316479513,35.658581,139.745433,88.20324837133661,225.82724163637448,west
126,2020-01-13 15:33:17.606325,35.65917728780061,139.7461198293942,35.658581,139.745433,90.80219188378813,223.22988576602276,south
127,2020-01-13 15:33:17.613306,35.65920361045808,139.74610634221781,35.658581,139.745433,92.139016517577,221.43233637005744,south
128,2020-01-13 15:33:17.620243,35.6592454833616,139.74607722529515,35.658581,139.745433,94.01333134391234,218.35249419021977,south
129,2020-01-13 15:33:17.626279,35.659234568650355,139.74603599651908,35.658581,139.745433,90.773250662441,216.97871286963326,south
130,2020-01-13 15:33:17.633209,35.65927301236076,139.7459987844352,35.658581,139.745433,92.30373790099338,213.71341063576517,south
131,2020-01-13 15:33:17.639245,35.65921555652639,139.74594658773213,35.658581,139.745433,84.37853239007815,213.44635873545369,south
132,2020-01-13 15:33:17.646251,35.659176133029135,139.7459317269523,35.658581,139.745433,79.99744757562077,214.36890068863386,south
133,2020-01-13 15:33:17.653235,35.65917364692104,139.74591302528833,35.658581,139.745433,78.82357305698625,213.4660018353217,south
134,2020-01-13 15:33:17.659273,35.659224777768394,139.7459310675178,35.658581,139.745433,84.47550787302904,212.26845890880975,south
135,2020-01-13 15:33:17.666253,35.65921705375367,139.74597413666268,35.658581,139.745433,85.91508164315238,214.77353736261583,south
136,2020-01-13 15:33:17.673181,35.65922967408319,139.74602028237356,35.658581,139.745433,89.48717463978745,216.46005046339593,south
137,2020-01-13 15:33:17.679222,35.65919508670107,139.74598910994757,35.658581,139.745433,84.72333084222879,216.46701844858373,south
138,2020-01-13 15:33:17.686202,35.659143290693066,139.74595243575016,35.658581,139.745433,78.1314456832325,217.0134097140196,south
139,2020-01-13 15:33:17.693189,35.65910504238,139.74599188848356,35.658581,139.745433,77.08334733351597,221.03598528306983,south
140,2020-01-13 15:33:17.700166,35.65915730682824,139.74601754914667,35.658581,139.745433,83.00836053947658,219.61776189143646,south
141,2020-01-13 15:33:17.706147,35.6591944838512,139.74605239761266,35.658581,139.745433,88.19821834525953,219.48815829284683,south
142,2020-01-13 15:33:17.713521,35.65914320256071,139.74607988696206,35.658581,139.745433,85.56946710154838,223.19976877494656,south
143,2020-01-13 15:33:17.720502,35.65912196202258,139.74602589132348,35.658581,139.745433,80.52819082889616,221.81153189262696,south
144,2020-01-13 15:33:17.727431,35.65914763461603,139.7460520732389,35.658581,139.745433,84.23191235540838,221.7217790783549,south
145,2020-01-13 15:33:17.734413,35.65910664589433,139.74603931834807,35.658581,139.745433,80.09810803617324,223.2703334632587,south
146,2020-01-13 15:33:17.741393,35.659078823652166,139.7460052743567,35.658581,139.745433,75.73751913931794,223.17297690370626,south
147,2020-01-13 15:33:17.747408,35.65906194045623,139.74602418004287,35.658581,139.745433,75.58504033821892,225.09128338996754,west
148,2020-01-13 15:33:17.754360,35.65911841672537,139.7460033725064,35.658581,139.745433,78.8856077211208,220.89809105153765,south
149,2020-01-13 15:33:17.760389,35.65914401150884,139.7460152987905,35.658581,139.745433,81.74584839185434,220.1670528831194,south
150,2020-01-13 15:33:17.767377,35.65916111154299,139.74605265949424,35.658581,139.745433,85.38865882047432,221.08061091945342,south
151,2020-01-13 15:33:17.775302,35.659171241499706,139.74606704551343,35.658581,139.745433,87.09221420536541,221.24071666201837,south
152,2020-01-13 15:33:17.782284,35.6592097502206,139.74606838856766,35.658581,139.745433,90.42626071469434,219.5137280675968,south
153,2020-01-13 15:33:17.789269,35.65915855512383,139.7460724032358,35.658581,139.745433,86.36327625490863,222.09837558176554,south
154,2020-01-13 15:33:17.796246,35.65919857012999,139.74608474388802,35.658581,139.745433,90.43220457623845,220.73776889774334,south
155,2020-01-13 15:33:17.803255,35.6591429929232,139.74609814852025,35.658581,139.745433,86.69306743182034,224.00699367199456,south
156,2020-01-13 15:33:17.810262,35.65910379628635,139.74608993154524,35.658581,139.745433,83.08533097072764,225.72178180748517,west
157,2020-01-13 15:33:17.817244,35.659121244427126,139.74606660735256,35.658581,139.745433,82.97409232960582,223.74611238131163,south
158,2020-01-13 15:33:17.824225,35.65911653816427,139.7460841466252,35.658581,139.745433,83.70863207324827,224.77861740649868,south
159,2020-01-13 15:33:17.831178,35.65913640178811,139.7461091416172,35.658581,139.745433,86.8672659227104,224.81437450189586,south
160,2020-01-13 15:33:17.838134,35.65913112958926,139.7461180113007,35.658581,139.745433,87.02390718385158,225.4609602417354,west
161,2020-01-13 15:33:17.845117,35.65912316739315,139.74612473476063,35.658581,139.745433,86.84464795213898,226.15813885711916,west
162,2020-01-13 15:33:17.851153,35.65912245299514,139.74609986849956,35.658581,139.745433,85.17898920554799,225.14742884144712,west
163,2020-01-13 15:33:17.858134,35.6591108588942,139.7460436589523,35.658581,139.745433,80.70788145508942,223.2460424607905,south
164,2020-01-13 15:33:17.865115,35.65908063513551,139.74604896029697,35.658581,139.745433,78.6386562258247,225.1751462371118,west
165,2020-01-13 15:33:17.872045,35.659099543114905,139.74600999654092,35.658581,139.745433,77.71686606639152,222.24323804366858,south
166,2020-01-13 15:33:17.879078,35.65912363185986,139.74598468651755,35.658581,139.745433,78.23275834958639,219.68386024079211,south
167,2020-01-13 15:33:17.886080,35.65915162025077,139.7460256565985,35.658581,139.745433,82.99610774419986,220.28592311982524,south
168,2020-01-13 15:33:17.893042,35.659112556661256,139.74603822659878,35.658581,139.745433,80.50955318252217,222.89919413612373,south
169,2020-01-13 15:33:17.900023,35.65914045925417,139.74607433173873,35.658581,139.745433,85.00338877734585,223.09304328437744,south
170,2020-01-13 15:33:17.907948,35.65912752467797,139.74604833159464,35.658581,139.745433,82.35027544637013,222.5790159754809,south
171,2020-01-13 15:33:17.914930,35.65914051676453,139.74605623379279,35.658581,139.745433,83.89706247433492,222.27276276211472,south
172,2020-01-13 15:33:17.921913,35.65918643936425,139.7460662291587,35.658581,139.745433,88.31916224206067,220.483491882346,south
173,2020-01-13 15:33:17.928893,35.659219027429224,139.7460539436232,35.658581,139.745433,90.40345113752548,218.4590503394457,south
174,2020-01-13 15:33:17.935873,35.65919732237551,139.74605185758065,35.658581,139.745433,88.41050069595418,219.33390770218043,south
175,2020-01-13 15:33:17.942854,35.65921543500938,139.74607246362996,35.658581,139.745433,91.14771485398842,219.44040543310595,south
176,2020-01-13 15:33:17.949889,35.659256211141454,139.74610942313387,35.658581,139.745433,96.7682046275737,219.26899668309343,south
177,2020-01-13 15:33:17.956870,35.65919448894099,139.7460884463514,35.658581,139.745433,90.30956252044852,221.08641903392757,south
178,2020-01-13 15:33:17.963852,35.65915170308679,139.7460557774681,35.658581,139.745433,84.79207683163052,221.68794988864363,south
179,2020-01-13 15:33:17.970832,35.65910695703141,139.74601178074255,35.658581,139.745433,78.43564104262778,221.92663891568674,south
180,2020-01-13 15:33:17.978759,35.65908759254326,139.74606605361552,35.658581,139.745433,80.282473968094,225.5631131151161,west
181,2020-01-13 15:33:17.985793,35.659083572348564,139.74607440947742,35.658581,139.745433,80.51489780689097,226.16673769020838,west
182,2020-01-13 15:33:17.992774,35.65912118765418,139.74606512247547,35.658581,139.745433,82.87662237534713,223.68197141194233,south
183,2020-01-13 15:33:17.999755,35.65909286730132,139.74603186317307,35.658581,139.745433,78.52421862070364,223.67627635521987,south
184,2020-01-13 15:33:18.006736,35.659152130100246,139.74603915075537,35.658581,139.745433,83.83412487260375,220.89797769515647,south
185,2020-01-13 15:33:18.013717,35.65916573836935,139.74603267553812,35.658581,139.745433,84.60363929371724,219.92832290371797,south
186,2020-01-13 15:33:18.021644,35.659137820861986,139.74605944775277,35.658581,139.745433,83.87252516900995,222.55732227746472,south
187,2020-01-13 15:33:18.023689,35.65910346801761,139.74602006067485,35.658581,139.745433,78.65283086222176,222.52142816726746,south
188,2020-01-13 15:33:18.023689,35.65915537210674,139.746045299545,35.658581,139.745433,84.47075147557199,221.02369936476762,south
189,2020-01-13 15:33:18.039363,35.659129119740086,139.7460185629098,35.658581,139.745433,80.68421363615238,221.08429994261425,south
190,2020-01-13 15:33:18.039363,35.6591664868483,139.7460431588248,35.658581,139.745433,85.27925516795841,220.38159690943073,south
191,2020-01-13 15:33:18.054988,35.659201956892375,139.74601245852799,35.658581,139.745433,86.6019303546427,217.29219978031003,south
192,2020-01-13 15:33:18.054988,35.65923313368601,139.74597341540766,35.658581,139.745433,87.3498937881272,214.07089167136849,south
193,2020-01-13 15:33:18.070609,35.65924140744768,139.74597374237769,35.658581,139.745433,88.12825868304331,213.75248161897974,south
194,2020-01-13 15:33:18.070609,35.65918348609008,139.7459974418702,35.658581,139.745433,84.1478307916944,217.4010779137995,south
195,2020-01-13 15:33:18.086230,35.65921010293481,139.74599246228738,35.658581,139.745433,86.24684841825425,215.97133615594703,south
196,2020-01-13 15:33:18.086230,35.65916685466652,139.74594661740167,35.658581,139.745433,79.92682541805532,215.58341285815163,south
197,2020-01-13 15:33:18.101842,35.65914360540705,139.74600254686075,35.658581,139.745433,80.97111779714734,219.56322454007955,south
198,2020-01-13 15:33:18.101842,35.65910734972773,139.74600252718702,35.658581,139.745433,77.91091637701719,221.44676441913956,south
199,2020-01-13 15:33:18.117462,35.65916121607252,139.74597646215625,35.658581,139.745433,81.03105681551764,217.39517833943782,south
200,2020-01-13 15:33:18.117462,35.65919078156139,139.7460235382141,35.658581,139.745433,86.23727309206615,218.3216815190308,south
201,2020-01-13 15:33:18.133091,35.659219535070875,139.7459860773121,35.658581,139.745433,86.76096448744933,215.25636826974807,south
202,2020-01-13 15:33:18.133091,35.65923250659576,139.74594354534818,35.658581,139.745433,85.80526496080785,212.6006961118321,south
203,2020-01-13 15:33:18.148712,35.65924495375722,139.74595885664186,35.658581,139.745433,87.71673202189463,212.8776047156475,south
204,2020-01-13 15:33:18.148712,35.65919343889374,139.74591367963725,35.658581,139.745433,80.69651587561019,212.6412739915949,south
205,2020-01-13 15:33:18.164334,35.659224668955694,139.74597237294327,35.658581,139.745433,86.5202026008684,214.3675401434085,south
206,2020-01-13 15:33:18.164334,35.65926550353287,139.7459582415301,35.658581,139.745433,89.61056471531668,212.05628727550626,south
207,2020-01-13 15:33:18.179958,35.659238655553445,139.74591763755197,35.658581,139.745433,85.14833198511188,211.0232752777285,south
208,2020-01-13 15:33:18.179958,35.659257798580015,139.74588255431468,35.658581,139.745433,85.41654359041995,208.46200651540602,south
209,2020-01-13 15:33:18.179958,35.65921730359633,139.74589550370717,35.658581,139.745433,82.08670427046906,210.67667094826146,south
210,2020-01-13 15:33:18.195524,35.65926259292964,139.74589945757742,35.658581,139.745433,86.62052183456144,209.18439956763333,south
211,2020-01-13 15:33:18.195524,35.65922229464733,139.74587724900786,35.658581,139.745433,81.73741810224664,209.48199033445272,south
212,2020-01-13 15:33:18.211201,35.659216288098314,139.7458665636985,35.658581,139.745433,80.6827297174224,209.11677475691585,south
213,2020-01-13 15:33:18.211201,35.65919051854971,139.74587655447743,35.658581,139.745433,78.65530943603886,210.70615533064822,south
214,2020-01-13 15:33:18.226821,35.65920646239753,139.74593378073467,35.658581,139.745433,82.89846568307436,213.16193387572278,south
215,2020-01-13 15:33:18.226821,35.65920195852786,139.74591674199175,35.658581,139.745433,81.64253424825665,212.4473294459818,south
216,2020-01-13 15:33:18.242440,35.65924790743421,139.74589895140812,35.658581,139.745433,85.1789626238875,209.69193087160636,south
217,2020-01-13 15:33:18.242440,35.65925876728958,139.74587269265254,35.658581,139.745433,85.0895738000285,207.89888549058665,south
218,2020-01-13 15:33:18.258063,35.65924882204359,139.74589770465394,35.658581,139.745433,85.2113258581376,209.59218904992204,south
219,2020-01-13 15:33:18.258063,35.65921060376437,139.74592166870542,35.658581,139.745433,82.69146546042823,212.35159506677326,south
220,2020-01-13 15:33:18.273683,35.65915864654424,139.74592475019338,35.658581,139.745433,78.04146711572626,214.790174050933,south
221,2020-01-13 15:33:18.273683,35.659201954436014,139.74590519437433,35.658581,139.745433,81.08594050052979,211.82397559377335,south
222,2020-01-13 15:33:18.289866,35.65918336850432,139.74595274759935,35.658581,139.745433,81.74225319929633,215.15252904200602,south
223,2020-01-13 15:33:18.289866,35.65914931738404,139.74594069184988,35.658581,139.745433,78.03524467279675,216.09434799583624,south
224,2020-01-13 15:33:18.314195,35.65919969001187,139.74599960364642,35.658581,139.745433,85.70007665960317,216.7749551675392,south
225,2020-01-13 15:33:18.345450,35.65920470040694,139.7459957757491,35.658581,139.745433,85.94002042240274,216.3679656578983,south
226,2020-01-13 15:33:18.361110,35.65916951555958,139.74595788489657,35.658581,139.745433,80.76329353002569,216.0502026117579,south
227,2020-01-13 15:33:18.376740,35.65914640511126,139.7459901138558,35.658581,139.745433,80.50058718741825,218.804644377185,south
228,2020-01-13 15:33:18.376740,35.659159297497844,139.74603409753973,35.658581,139.745433,84.14011492673133,220.3079003557678,south
229,2020-01-13 15:33:18.392356,35.65917930514166,139.7459965892966,35.658581,139.745433,83.73271631934388,217.5519129940923,south
230,2020-01-13 15:33:18.392356,35.65919400860641,139.74600456896476,35.658581,139.745433,85.46750842436214,217.26938244486976,south
231,2020-01-13 15:33:18.407991,35.659222860656456,139.74596154869877,35.658581,139.745433,85.80412646072598,213.902922562195,south
232,2020-01-13 15:33:18.407991,35.65922433732138,139.7459930879539,35.658581,139.745433,87.56274641361765,215.39431384472488,south
233,2020-01-13 15:33:18.423607,35.65926128072534,139.74599550890736,35.658581,139.745433,91.05760727028384,214.01276556814398,south
234,2020-01-13 15:33:18.423607,35.659206424281614,139.7459899895135,35.658581,139.745433,85.78502269092971,216.01042725478132,south
235,2020-01-13 15:33:18.439175,35.659218892650514,139.74600031873837,35.658581,139.745433,87.45398645199336,215.97324503373292,south
236,2020-01-13 15:33:18.439175,35.65926133917514,139.7459834817961,35.658581,139.745433,90.45833116762697,213.43866648059236,south
237,2020-01-13 15:33:18.458737,35.6592383585452,139.7460006046171,35.658581,139.745433,89.22581904254749,215.17199793585414,south
238,2020-01-13 15:33:18.467713,35.659241338868206,139.7460378360845,35.658581,139.745433,91.47408466432515,216.77904424578176,south
239,2020-01-13 15:33:18.476718,35.65925244119709,139.74607769519275,35.658581,139.745433,94.64618360483284,218.08271055975777,south
240,2020-01-13 15:33:18.486693,35.65925950563552,139.74604922911433,35.658581,139.745433,93.70696807285327,216.5463736015763,south
241,2020-01-13 15:33:18.496648,35.659292512899356,139.74607045648887,35.658581,139.745433,97.79577775606931,216.1734339465459,south
242,2020-01-13 15:33:18.505655,35.65926400280072,139.74603103663662,35.658581,139.745433,93.14098966461528,215.549431324175,south
243,2020-01-13 15:33:18.513589,35.65927057250489,139.74603860852412,35.658581,139.745433,94.13278108821551,215.6310218598437,south
244,2020-01-13 15:33:18.518046,35.65928240735235,139.74606813428986,35.658581,139.745433,96.76781660453398,216.4647735874582,south
245,2020-01-13 15:33:18.518046,35.659265531832176,139.74603445164786,35.658581,139.745433,93.45893199070754,215.64320535549302,south
246,2020-01-13 15:33:18.533723,35.65925173504828,139.74603480625316,35.658581,139.745433,92.23819855052297,216.21353822806594,south
247,2020-01-13 15:33:18.533723,35.65926548107495,139.7460677445507,35.658581,139.745433,95.24271157910462,217.1191685222665,south
248,2020-01-13 15:33:18.549343,35.659234141362866,139.7460814262272,35.658581,139.745433,93.26874107124529,219.0154476438134,south
249,2020-01-13 15:33:18.549343,35.65923594131455,139.7460419329542,35.658581,139.745433,91.21888562994722,217.19089985528305,south
250,2020-01-13 15:33:18.564939,35.65921712972226,139.74604226575943,35.658581,139.745433,89.583612608227,218.013209192919,south
251,2020-01-13 15:33:18.564939,35.65919399870823,139.7460243108835,35.658581,139.745433,86.56085994314282,218.2115089879999,south
252,2020-01-13 15:33:18.580560,35.659187632076694,139.74597489787416,35.658581,139.745433,83.2950572386347,216.0932727893014,south
253,2020-01-13 15:33:18.580560,35.659200780945866,139.7460222255037,35.658581,139.745433,87.03748976211547,217.80741626473,south
254,2020-01-13 15:33:18.596183,35.659159955619785,139.74603828402675,35.658581,139.745433,84.4413743536552,220.47200285459664,south
255,2020-01-13 15:33:18.596183,35.65919584294973,139.74602317923936,35.658581,139.745433,86.65850206660811,218.07458863800954,south
256,2020-01-13 15:33:18.611776,35.65915930738118,139.7460143245299,35.658581,139.745433,82.99396336335127,219.36476692908982,south
257,2020-01-13 15:33:18.627396,35.65915320956409,139.7460094774321,35.658581,139.745433,82.19256285086247,219.427355756015,south
258,2020-01-13 15:33:18.627396,35.659127639428384,139.74603243036097,35.658581,139.745433,81.3924516748307,221.82657601970277,south
259,2020-01-13 15:33:18.643073,35.65915119719377,139.74606896370827,35.658581,139.745433,85.54931183703796,222.3101546625768,south
260,2020-01-13 15:33:18.643073,35.65918345502614,139.74605168224872,35.658581,139.745433,87.21568496262867,219.96652883537993,south
261,2020-01-13 15:33:18.658689,35.65915202205268,139.74607353856675,35.658581,139.745433,85.89619313480227,222.47340721993882,south
262,2020-01-13 15:33:18.658689,35.6591877716512,139.74611527605967,35.658581,139.745433,91.37390928130172,222.54191705280758,south
263,2020-01-13 15:33:18.674305,35.65918881457258,139.74608262467248,35.658581,139.745433,89.4885893321534,221.0969392957828,south
264,2020-01-13 15:33:18.674305,35.65918289556472,139.7460320140141,35.658581,139.745433,86.03433413438577,219.0840199156457,south
265,2020-01-13 15:33:18.689934,35.65919646936301,139.74600870673336,35.658581,139.745433,85.91177512828219,217.35797102323093,south
266,2020-01-13 15:33:18.689934,35.659201672947155,139.7460095494344,35.658581,139.745433,86.4174766811554,217.16591007247945,south
267,2020-01-13 15:33:18.705530,35.65919943118844,139.74599062036003,35.658581,139.745433,85.19245324016153,216.3483067638621,south
268,2020-01-13 15:33:18.721154,35.659220175102696,139.74601559182904,35.658581,139.745433,88.38758118458871,216.64461171440664,south
269,2020-01-13 15:33:18.721154,35.65916523342969,139.74604625162635,35.658581,139.745433,85.35529794155188,220.5852800605459,south
270,2020-01-13 15:33:18.736800,35.659125236159625,139.74603725517719,35.658581,139.745433,81.48665921670374,222.18052068171497,south
271,2020-01-13 15:33:18.736800,35.65908913277251,139.7459959899083,35.658581,139.745433,76.00930115852759,222.1208118339776,south
272,2020-01-13 15:33:18.752419,35.6591050277709,139.74595942306,35.658581,139.745433,75.18475917657965,219.34669246888632,south
273,2020-01-13 15:33:18.752419,35.659116097559625,139.74600036949175,35.658581,139.745433,78.51308394687764,220.8710369100635,south
274,2020-01-13 15:33:18.768043,35.65910798184235,139.74603129682396,35.658581,139.745433,79.71065932171967,222.81713942050027,south
275,2020-01-13 15:33:18.768043,35.65912044194817,139.7460538130015,35.658581,139.745433,82.11235007872884,223.20506560054892,south
276,2020-01-13 15:33:18.783638,35.65912818812856,139.74607785850407,35.658581,139.745433,84.23535779481925,223.88437905942024,south
277,2020-01-13 15:33:18.783638,35.6591350189129,139.74604914826932,35.658581,139.745433,83.01414063810068,222.228293205649,south
278,2020-01-13 15:33:18.799258,35.65918865011779,139.7460202703171,35.658581,139.745433,85.86829429922997,218.2646222732339,south
279,2020-01-13 15:33:18.799258,35.65921679067176,139.74602221179148,35.658581,139.745433,88.44687289534377,217.10137341136584,south
280,2020-01-13 15:33:18.814886,35.659228732076436,139.74599835242998,35.658581,139.745433,88.23640648595193,215.46326010711925,south
281,2020-01-13 15:33:18.814886,35.65926836911839,139.74595000711005,35.658581,139.745433,89.48787067425337,211.54362456447282,south
282,2020-01-13 15:33:18.830501,35.65925518986821,139.7460034105246,35.658581,139.745433,90.90284733618377,214.6248666026762,south
283,2020-01-13 15:33:18.830501,35.65926939768254,139.74600891834544,35.658581,139.745433,92.48470083613414,214.32421277521533,south
284,2020-01-13 15:33:18.846124,35.659231747411965,139.74605080082915,35.658581,139.745433,91.33822192385527,217.768623265583,south
285,2020-01-13 15:33:18.846124,35.659262591248634,139.74607629985323,35.658581,139.745433,95.457991912035,217.6060850420586,south
286,2020-01-13 15:33:18.861745,35.659272197993715,139.74609700660574,35.658581,139.745433,97.45017420091462,218.09702782621693,south
287,2020-01-13 15:33:18.861745,35.65925314095972,139.74612614365998,35.658581,139.745433,97.47269458259649,220.08477901562594,south
288,2020-01-13 15:33:18.877367,35.65919061767499,139.74611371740255,35.658581,139.745433,91.5116904189663,222.34313354371977,south
289,2020-01-13 15:33:18.877367,35.65918345007634,139.74611156172898,35.658581,139.745433,90.79325663087333,222.59012347165665,south
290,2020-01-13 15:33:18.892986,35.65917853644321,139.74612454848761,35.658581,139.745433,91.19606987898342,223.3658814884791,south
291,2020-01-13 15:33:18.892986,35.65916497215536,139.74611872206282,35.658581,139.745433,89.74204918363372,223.7807891505636,south
292,2020-01-13 15:33:18.908583,35.65914624721221,139.7461305706181,35.658581,139.745433,89.01187410640183,225.2048415412044,west
293,2020-01-13 15:33:18.908583,35.65913198934936,139.74608918500005,35.658581,139.745433,85.25146715370514,224.18469829771308,south
294,2020-01-13 15:33:18.924228,35.65908640053714,139.74611630638654,35.658581,139.745433,83.50341668056332,227.81447587700058,west
295,2020-01-13 15:33:18.924228,35.65910477496976,139.74614651581615,35.658581,139.745433,86.89999125109884,228.0296589106492,west
296,2020-01-13 15:33:18.939849,35.65908217517683,139.7461612304705,35.658581,139.745433,86.25776275274113,229.8601942139055,west
297,2020-01-13 15:33:18.939849,35.65910434716764,139.7461651307619,35.658581,139.745433,88.12913455411068,228.78548504734175,west
298,2020-01-13 15:33:18.955471,35.65911363973357,139.74617259496915,35.658581,139.745433,89.3175067568222,228.5736276996113,west
299,2020-01-13 15:33:18.955471,35.65916326923838,139.74614238376117,35.658581,139.745433,91.10352724482465,224.83594932154685,south
300,2020-01-13 15:33:18.971094,35.659138963229566,139.74610285255693,35.658581,139.745433,86.66960862912555,224.41488265387937,south
301,2020-01-13 15:33:18.971094,35.6591439671904,139.74613721635342,35.658581,139.745433,89.26271052187526,225.59222910072904,west
302,2020-01-13 15:33:18.986716,35.659172430745116,139.74607555549423,35.658581,139.745433,87.70080045812941,221.5624455296459,south
303,2020-01-13 15:33:18.986716,35.65916840114544,139.74602133812948,35.658581,139.745433,84.17696371116284,219.26338514975956,south
304,2020-01-13 15:33:19.002344,35.659168732240516,139.74598504921582,35.658581,139.745433,82.16588663314045,217.47278446004955,south
305,2020-01-13 15:33:19.002344,35.659128097962814,139.74601772703383,35.658581,139.745433,80.54902420960526,221.09671382927223,south
306,2020-01-13 15:33:19.017971,35.659140394632864,139.74601190352766,35.658581,139.745433,81.24088472491025,220.18391411193562,south
307,2020-01-13 15:33:19.017971,35.65919459926723,139.74606227107645,35.658581,139.745433,88.77925793706035,219.9282093115632,south
308,2020-01-13 15:33:19.033776,35.6592137393853,139.74610420247325,35.658581,139.745433,92.85763696310507,220.88382352466755,south
309,2020-01-13 15:33:19.041790,35.65919098570468,139.74612305334452,35.658581,139.745433,92.113223559948,222.7146889154678,south
310,2020-01-13 15:33:19.049769,35.659234391612436,139.7461317042814,35.658581,139.745433,96.2207626162178,221.1118756097231,south
311,2020-01-13 15:33:19.057740,35.65920515943383,139.74612360901455,35.658581,139.745433,93.30850138538595,222.0823248698531,south
312,2020-01-13 15:33:19.065726,35.659239798116516,139.74610362914657,35.658581,139.745433,95.02921544903954,219.71908150991564,south
313,2020-01-13 15:33:19.073705,35.65926791169522,139.74611037197215,35.658581,139.745433,97.83055224053332,218.82669937232433,south
314,2020-01-13 15:33:19.081691,35.659232798563224,139.74613660181237,35.658581,139.745433,96.38024052360117,221.37959835609084,south
315,2020-01-13 15:33:19.089653,35.65917743983369,139.74613800250395,35.658581,139.745433,91.94924990257955,223.9698340508078,south
316,2020-01-13 15:33:19.097618,35.65913696613177,139.746127154004,35.658581,139.745433,88.06828224667495,225.53844250923245,west
317,2020-01-13 15:33:19.105583,35.65917267057215,139.74608387144048,35.658581,139.745433,88.22197220589796,221.91690492573153,south
318,2020-01-13 15:33:19.113598,35.6591242726958,139.74605092195918,35.658581,139.745433,82.24434993566732,222.86941574183732,south
319,2020-01-13 15:33:19.121585,35.659079890609576,139.7460511119219,35.658581,139.745433,78.71885290466872,225.31775898792907,west
320,2020-01-13 15:33:19.129546,35.65905505712731,139.74606659116318,35.658581,139.745433,77.83368729996012,227.4859693075511,west
321,2020-01-13 15:33:19.137499,35.65909280645292,139.7460245168483,35.658581,139.745433,78.06140655994707,223.3265609598888,south
322,2020-01-13 15:33:19.144507,35.659080324273816,139.7460485147707,35.658581,139.745433,78.585728712246,225.17224721639917,west
323,2020-01-13 15:33:19.152495,35.65909107867611,139.74603272958683,35.658581,139.745433,78.43510534168105,223.81783807226338,south
324,2020-01-13 15:33:19.161462,35.65909378648837,139.74608540901113,35.658581,139.745433,82.01834796707126,226.07753126085038,west
325,2020-01-13 15:33:19.170410,35.659084191967175,139.74610969156856,35.658581,139.745433,82.89532985722379,227.66195773385076,west
326,2020-01-13 15:33:19.179439,35.659050844916415,139.74608192923853,35.658581,139.745433,78.55209028549719,228.42187349825394,west
327,2020-01-13 15:33:19.188415,35.65905944907798,139.7461115206,35.658581,139.745433,81.19701751283543,229.17277978344984,west
328,2020-01-13 15:33:19.198389,35.65904866810388,139.74607771200644,35.658581,139.745433,78.10618024382501,228.36850181809388,west
329,2020-01-13 15:33:19.208309,35.65906669619137,139.7461214390038,35.658581,139.745433,82.40230459308408,229.15799512822903,west
330,2020-01-13 15:33:19.217337,35.659114984803644,139.74611691605006,35.658581,139.745433,85.70530653434712,226.26804742841776,west
331,2020-01-13 15:33:19.226314,35.65907444870761,139.7460877405175,35.658581,139.745433,80.699794460337,227.27882234827274,west
332,2020-01-13 15:33:19.236234,35.65912595357969,139.74606888629586,35.658581,139.745433,83.49450627333822,223.60049064368383,south
333,2020-01-13 15:33:19.245211,35.659110282797016,139.7460829834686,35.658581,139.745433,83.14281641475141,225.06398790663988,west
334,2020-01-13 15:33:19.254221,35.659086485351416,139.74604999666963,35.658581,139.745433,79.16377373953401,224.8898184750472,south
335,2020-01-13 15:33:19.263214,35.659080353371785,139.74600133927163,35.658581,139.745433,75.61843694356394,222.8880870413414,south
336,2020-01-13 15:33:19.272166,35.65905566757872,139.7459850602918,35.658581,139.745433,72.61267801315013,223.5067305976547,south
337,2020-01-13 15:33:19.281114,35.65908818076167,139.7459744369035,35.658581,139.745433,74.63470344671825,221.06383889896097,south
338,2020-01-13 15:33:19.290142,35.659138378454884,139.74596375981358,35.658581,139.745433,78.32193248213662,217.8524364615088,south
339,2020-01-13 15:33:19.300024,35.659116014161675,139.74602128950494,35.658581,139.745433,79.75861806084787,221.90447430466435,south
340,2020-01-13 15:33:19.309054,35.65913779527921,139.74602896239773,35.658581,139.745433,82.0286233160867,221.13823411746986,south
341,2020-01-13 15:33:19.318031,35.65915134758037,139.74603706756028,35.658581,139.745433,83.6450405803715,220.83924595793596,south
342,2020-01-13 15:33:19.328174,35.65917888332659,139.74605421314365,35.658581,139.745433,86.97557673165888,220.29687546333597,south
343,2020-01-13 15:33:19.337367,35.659145772309714,139.74601546098458,35.658581,139.745433,81.90469397517751,220.08675159398598,south
344,2020-01-13 15:33:19.346404,35.659166969762936,139.74604152054627,35.658581,139.745433,85.22408823328448,220.282287223222,south
345,2020-01-13 15:33:19.355375,35.65913853249587,139.74603189614456,35.658581,139.745433,82.26512200061094,221.240100135226,south
346,2020-01-13 15:33:19.364351,35.659106128165355,139.7460631656624,35.658581,139.745433,81.55233567881467,224.40272784614734,south
347,2020-01-13 15:33:19.374307,35.65909242843897,139.74601236562498,35.658581,139.745433,77.27977479181645,222.75444764118507,south
348,2020-01-13 15:33:19.383661,35.65907368063781,139.74605087388287,35.658581,139.745433,78.22047165502234,225.66550646123852,west
349,2020-01-13 15:33:19.392692,35.659036259916476,139.74607228088863,35.658581,139.745433,76.827203507102,228.89225874240026,west
350,2020-01-13 15:33:19.402616,35.6590266170984,139.74606701776293,35.658581,139.745433,75.76628491972122,229.26492322594513,west
351,2020-01-13 15:33:19.411657,35.65903026081878,139.74602334702158,35.658581,139.745433,73.0907525310705,227.0013272026996,west
352,2020-01-13 15:33:19.420688,35.65901472298038,139.74599862376877,35.658581,139.745433,70.27822949963608,226.78453669493464,west
353,2020-01-13 15:33:19.430609,35.65900284466318,139.7460165706363,35.658581,139.745433,70.59057858614399,228.46757771667598,west
354,2020-01-13 15:33:19.439637,35.65903596241261,139.746009751489,35.658581,139.745433,72.63348069993818,225.97401097291416,west
355,2020-01-13 15:33:19.448617,35.65910073612525,139.74599514625922,35.658581,139.745433,76.91849205896048,221.43539789815443,south
356,2020-01-13 15:33:19.458534,35.6591383293831,139.74601756583925,35.658581,139.745433,81.39844239419027,220.5637145910998,south
357,2020-01-13 15:33:19.467566,35.659141944333925,139.74600607877008,35.658581,139.745433,81.03355303580398,219.82055481267952,south
358,2020-01-13 15:33:19.476538,35.659129405045114,139.74597576928159,35.658581,139.745433,78.21689827633543,218.92902095521657,south
359,2020-01-13 15:33:19.486459,35.65912351150837,139.74601880137325,35.658581,139.745433,80.23051482798283,221.3879519792962,south
360,2020-01-13 15:33:19.495436,35.659144752166604,139.7459928093314,35.658581,139.745433,80.51119927051366,219.02179560250872,south
361,2020-01-13 15:33:19.504464,35.659175919523456,139.74595297227856,35.658581,139.745433,81.07971040924785,215.50055208984534,south
362,2020-01-13 15:33:19.514384,35.65916764959137,139.7459223390297,35.658581,139.745433,78.74081207618671,214.24496813582826,south
363,2020-01-13 15:33:19.523416,35.65912612340183,139.74590067990292,35.658581,139.745433,73.83486062712143,214.99887751938041,south
364,2020-01-13 15:33:19.533334,35.65915342023317,139.74596015873536,35.658581,139.745433,79.44995165397849,216.92818147425257,south
365,2020-01-13 15:33:19.542310,35.65919262749493,139.746012516874,35.658581,139.745433,85.78395745583603,217.71389580154482,south
366,2020-01-13 15:33:19.551287,35.659230116131866,139.74604186010203,35.658581,139.745433,90.70084194114604,217.43437528599657,south
367,2020-01-13 15:33:19.560296,35.65924919649248,139.74599453277392,35.658581,139.745433,89.89932324145768,214.44407419843157,south
368,2020-01-13 15:33:19.570247,35.65920910839019,139.74594821650714,35.658581,139.745433,83.86445279240968,213.7998336118122,south
369,2020-01-13 15:33:19.579267,35.6592143649455,139.7459790682935,35.658581,139.745433,85.92639492657787,215.13158620050186,south
370,2020-01-13 15:33:19.589237,35.65920371957237,139.74599636220225,35.658581,139.745433,85.8839464052609,216.43954290803168,south
371,2020-01-13 15:33:19.599158,35.65920067248079,139.74597169246746,35.658581,139.745433,84.30023251646352,215.3545305068894,south
372,2020-01-13 15:33:19.608161,35.65921908570315,139.7459465436801,35.658581,139.745433,84.70334562963906,213.29812225615035,south
373,2020-01-13 15:33:19.617162,35.65922015989221,139.74600079623372,35.658581,139.745433,87.59318674898117,215.94210939124096,south
374,2020-01-13 15:33:19.627140,35.65917671465923,139.74602931917704,35.658581,139.745433,85.34851271758203,219.2471144055707,south
375,2020-01-13 15:33:19.637109,35.65912905682394,139.74601170776504,35.658581,139.745433,80.27236190512538,220.7536152174564,south
376,2020-01-13 15:33:19.647031,35.65908830499337,139.74602152013838,35.658581,139.745433,77.51202609471282,223.43396525848868,south
377,2020-01-13 15:33:19.656062,35.65910902022894,139.74600552091056,35.658581,139.745433,78.22932393537619,221.50573226611698,south
378,2020-01-13 15:33:19.675520,35.659101566518515,139.74598876236155,35.658581,139.745433,76.60661288529555,221.0656583536116,south
379,2020-01-13 15:33:19.696470,35.65908256215327,139.74596619538778,35.658581,139.745433,73.67460816714302,220.94472295367885,south
380,2020-01-13 15:33:19.707439,35.659131500494404,139.74596308486164,35.658581,139.745433,77.68300349026072,218.1622275723185,south
381,2020-01-13 15:33:19.717412,35.65909223491409,139.74598935090694,35.658581,139.745433,75.86441990644649,221.6096937122557,south
382,2020-01-13 15:33:19.726416,35.659122292543294,139.74602657301986,35.658581,139.745433,80.59667977398144,221.82685885501905,south
383,2020-01-13 15:33:19.737358,35.659170509372714,139.74603854081607,35.658581,139.745433,85.35047739855649,219.9736512827741,south
384,2020-01-13 15:33:19.747332,35.659169366329216,139.74601575316478,35.658581,139.745433,83.9410716289823,218.94985762668557,south
385,2020-01-13 15:33:19.757334,35.659164855138386,139.7459864944758,35.658581,139.745433,81.90491571583341,217.72852017776313,south
386,2020-01-13 15:33:19.767306,35.659167073047286,139.7459422297425,35.658581,139.745433,79.71605857754199,215.3410381404751,south
387,2020-01-13 15:33:19.778250,35.65919592150708,139.7459234940105,35.658581,139.745433,81.41001433845906,213.06339196511425,south
388,2020-01-13 15:33:19.788222,35.659162031833496,139.74595814888582,35.658581,139.745433,80.10764069649822,216.41352763582404,south
389,2020-01-13 15:33:19.798196,35.659124706319,139.74594596013122,35.658581,139.745433,76.13589128038284,217.59521551716418,south
390,2020-01-13 15:33:19.808169,35.6591181430698,139.74596545032685,35.658581,139.745433,76.65774108524606,218.97257624890855,south
391,2020-01-13 15:33:19.818142,35.65909742627624,139.7460222962509,35.658581,139.745433,78.29790127334986,222.96214907511524,south
392,2020-01-13 15:33:19.828116,35.659127700532274,139.74601177909594,35.658581,139.745433,80.16264936817288,220.82732690427102,south
393,2020-01-13 15:33:19.838089,35.659159316350575,139.74598032530307,35.658581,139.745433,81.07705771488045,217.68203768808235,south
394,2020-01-13 15:33:19.848063,35.65918281613345,139.7460070989326,35.658581,139.745433,84.62314529311152,217.90199515975021,south
395,2020-01-13 15:33:19.857091,35.65916655375192,139.74599921900818,35.658581,139.745433,82.76286421406226,218.2795814014054,south
396,2020-01-13 15:33:19.867065,35.65921775623522,139.74597315204656,35.658581,139.745433,85.92833568346353,214.6950642278572,south
397,2020-01-13 15:33:19.876985,35.65918412563054,139.74595378608464,35.658581,139.745433,81.86508374026603,215.17248925316306,south
398,2020-01-13 15:33:19.886014,35.65921124673171,139.74593336208028,35.658581,139.745433,83.32272830372162,212.94044163928106,south
399,2020-01-13 15:33:19.895987,35.65918170705031,139.74598596927186,35.658581,139.745433,83.36302402399649,216.91626230274247,south
400,2020-01-13 15:33:19.905960,35.65921678916261,139.74599484275615,35.658581,139.745433,86.97424302870914,215.7991994533511,south
401,2020-01-13 15:33:19.914937,35.65925557477323,139.74598708936455,35.658581,139.745433,90.10679497008593,213.8361058579838,south
402,2020-01-13 15:33:19.924909,35.65920534187932,139.7459511363959,35.658581,139.745433,83.66548359673615,214.10950330653122,south
403,2020-01-13 15:33:19.934830,35.65920189143083,139.7459952936138,35.658581,139.745433,85.66330433176348,216.4680604163953,south
404,2020-01-13 15:33:19.944805,35.65915842542284,139.74602244439515,35.658581,139.745433,83.38703149591736,219.7980020169171,south
405,2020-01-13 15:33:19.954777,35.65917113267992,139.7459837397389,35.658581,139.745433,82.30552202008482,217.2944760449476,south
406,2020-01-13 15:33:19.963781,35.65913195198634,139.74597439664637,35.658581,139.745433,78.35911211622852,218.72848407758633,south
407,2020-01-13 15:33:19.973726,35.659179625443386,139.7459792194232,35.658581,139.745433,82.81199267854872,216.67414403592673,south
408,2020-01-13 15:33:19.982754,35.65920228032129,139.74601204083658,35.658581,139.745433,86.60757906198197,217.25790996311608,south
409,2020-01-13 15:33:19.992728,35.659152785928825,139.7459954425356,35.658581,139.745433,81.3547009579021,218.75700700010802,south
410,2020-01-13 15:33:20.002701,35.65915863339943,139.74599866698117,35.658581,139.745433,82.0436097889118,218.63237083468644,south
411,2020-01-13 15:33:20.013619,35.659175525217044,139.74600670353925,35.658581,139.745433,83.96414952459915,218.22182687627677,south
412,2020-01-13 15:33:20.023093,35.6591908418207,139.74600237455007,35.658581,139.745433,85.06758393385319,217.30618596238637,south
413,2020-01-13 15:33:20.023093,35.65921372247612,139.74600121089952,35.658581,139.745433,87.03812443148351,216.23810165571072,south
414,2020-01-13 15:33:20.038771,35.65916326739595,139.74598344280824,35.658581,139.745433,81.59656791240086,217.65074800827387,south
415,2020-01-13 15:33:20.038771,35.659152448892534,139.7459610803202,35.658581,139.745433,79.4140456266043,217.02302809436307,south
416,2020-01-13 15:33:20.054389,35.65912259246849,139.7459350394318,35.658581,139.745433,75.3494904381919,217.10821558061875,south
417,2020-01-13 15:33:20.070011,35.65908202454983,139.74594903643288,35.658581,139.745433,72.6201985554242,220.04956423228978,south
418,2020-01-13 15:33:20.070011,35.65904822156539,139.745942140686,35.658581,139.745433,69.37443266158868,221.64811671427438,south
419,2020-01-13 15:33:20.085636,35.6590765516136,139.74598375733285,35.658581,139.745433,74.23109133828027,222.20929447165497,south
420,2020-01-13 15:33:20.101211,35.659051263481544,139.74594606438941,35.658581,139.745433,69.8627557343787,221.68190441421288,south
421,2020-01-13 15:33:20.101211,35.65906709129185,139.74599331176935,35.658581,139.745433,74.04710331241878,223.25086871387037,south
422,2020-01-13 15:33:20.116874,35.659102847130676,139.7460004612349,35.658581,139.745433,77.41285592164576,221.58772669855165,south
423,2020-01-13 15:33:20.116874,35.659131108626866,139.746054675208,35.658581,139.745433,83.03187748756467,222.68522860590954,south
424,2020-01-13 15:33:20.132495,35.659088682615945,139.74606046590426,35.658581,139.745433,80.00709224397337,225.2475808383568,west
425,2020-01-13 15:33:20.148117,35.65913465727465,139.7460225652727,35.658581,139.745433,81.3855891053818,220.9923593832941,south
426,2020-01-13 15:33:20.148117,35.65910035080633,139.74604473323555,35.658581,139.745433,79.92999653832128,223.86944511945865,south
427,2020-01-13 15:33:20.163742,35.6591342093952,139.74602215141542,35.658581,139.745433,81.32349884342808,220.99539637951546,south
428,2020-01-13 15:33:20.179361,35.65909321593824,139.74598122408347,35.658581,139.745433,75.45970465017088,221.13703252092319,south
429,2020-01-13 15:33:20.179361,35.65907594155529,139.74602418030122,35.658581,139.745433,76.68965942870554,224.26928683815945,south
430,2020-01-13 15:33:20.194981,35.65906290176441,139.74599093367533,35.658581,139.745433,73.56116278187162,223.37678396821832,south
431,2020-01-13 15:33:20.194981,35.659086108198245,139.74596913306948,35.658581,139.745433,74.14613714815958,220.90074895576146,south
432,2020-01-13 15:33:20.210606,35.659144760272376,139.74602212322142,35.658581,139.745433,82.20899017451198,220.4588253538111,south
433,2020-01-13 15:33:20.226223,35.65911352931296,139.74602868896133,35.658581,139.745433,80.0038403129306,222.39348613482855,south
434,2020-01-13 15:33:20.226223,35.65908205879762,139.74603374457092,35.658581,139.745433,77.78033691087398,224.37711819304548,south
435,2020-01-13 15:33:20.241845,35.65913445202564,139.74601070388144,35.658581,139.745433,80.66779301751089,220.42714598961788,south
436,2020-01-13 15:33:20.257466,35.65909434910712,139.74597721253852,35.658581,139.745433,75.31627228632792,220.86598949192535,south
437,2020-01-13 15:33:20.257466,35.659127108614115,139.74602705560343,35.658581,139.745433,81.02465073250336,221.59789349452902,south
438,2020-01-13 15:33:20.273036,35.659135268867246,139.7460599331361,35.658581,139.745433,83.6939811109588,222.71058616364857,south
439,2020-01-13 15:33:20.288713,35.65910628419743,139.74602363175458,35.658581,139.745433,79.10167741112136,222.54109049536103,south
440,2020-01-13 15:33:20.288713,35.65913198757033,139.74599156849905,35.658581,139.745433,79.3442284331445,219.60268451259805,south
441,2020-01-13 15:33:20.304331,35.65914375418813,139.74597861728705,35.658581,139.745433,79.62147611983865,218.35349277246644,south
442,2020-01-13 15:33:20.327543,35.65912853418779,139.745937594122,35.658581,139.745433,76.0151045983978,216.94747604473528,south
443,2020-01-13 15:33:20.358830,35.659118398914046,139.74599606354826,35.658581,139.745433,78.45239224975805,220.5336776269481,south
444,2020-01-13 15:33:20.374453,35.659121961779256,139.74600133893904,35.658581,139.745433,79.06335472474495,220.61060147124624,south
445,2020-01-13 15:33:20.390089,35.65916076418086,139.74597485886906,35.658581,139.745433,80.90310019809539,217.3350586958286,south
446,2020-01-13 15:33:20.405692,35.65912442598677,139.74602051784115,35.658581,139.745433,80.40941411023049,221.42324233470612,south
447,2020-01-13 15:33:20.421331,35.65908770085265,139.74597819588178,35.658581,139.745433,74.81871738200816,221.28715822798392,south
448,2020-01-13 15:33:20.421331,35.65906215757094,139.74601609612577,35.658581,139.745433,75.08551854163872,224.68391761572946,south
449,2020-01-13 15:33:20.436952,35.659035828826674,139.74603800278211,35.658581,139.745433,74.48403705974503,227.34996768803836,west
450,2020-01-13 15:33:20.452570,35.65901033866746,139.7460875831523,35.658581,139.745433,76.04263182276881,231.21210434250034,west
451,2020-01-13 15:33:20.452570,35.658994640701486,139.7460817456938,35.658581,139.745433,74.5465957267896,232.0010857977798,west
452,2020-01-13 15:33:20.468192,35.65903062150039,139.74611944965315,35.658581,139.745433,79.70158653655398,231.25054993263123,west
453,2020-01-13 15:33:20.483815,35.65901399651336,139.74614862492672,35.658581,139.745433,80.66665272142231,233.44738379782436,west
454,2020-01-13 15:33:20.483815,35.65904999312546,139.74617892228278,35.658581,139.745433,85.26364051722925,232.38931759248962,west
455,2020-01-13 15:33:20.499434,35.65908774234524,139.74613525329303,35.658581,139.745433,84.88103533343678,228.51773197595364,west
456,2020-01-13 15:33:20.515059,35.65906643766807,139.74610050710163,35.658581,139.745433,80.95881599471285,228.29606871321758,west
457,2020-01-13 15:33:20.530627,35.65905366114351,139.7460734721651,35.658581,139.745433,78.19012702954113,227.8781769778464,west
458,2020-01-13 15:33:20.530627,35.65903355631565,139.7460897122376,35.658581,139.745433,77.829533885709,229.8226749001612,west
459,2020-01-13 15:33:20.546298,35.65905788417267,139.7460644052177,35.658581,139.745433,77.90060784168341,227.21753277755892,west
460,2020-01-13 15:33:20.561923,35.65907008788728,139.74602933060376,35.658581,139.745433,76.55417110666973,224.8585450921974,south
461,2020-01-13 15:33:20.561923,35.65904932442734,139.74603714973983,35.658581,139.745433,75.45054275656857,226.47386428197638,west
462,2020-01-13 15:33:20.577489,35.65904248022532,139.74601463096164,35.658581,139.745433,73.45407232103562,225.8079421124448,west
463,2020-01-13 15:33:20.593142,35.659095851138346,139.74597677956646,35.658581,139.745433,75.41677890992035,220.76062362808005,south
464,2020-01-13 15:33:20.593142,35.65906253906402,139.74595232648173,35.658581,139.745433,71.17535113387635,221.35310011581836,south
465,2020-01-13 15:33:20.608759,35.659091735415615,139.74592029121482,35.658581,139.745433,71.82038119190129,217.9064428688902,south
466,2020-01-13 15:33:20.624383,35.65907950061291,139.74591648360456,35.658581,139.745433,70.53972057942623,218.36290199063848,south
467,2020-01-13 15:33:20.624383,35.65906136400971,139.7459788302103,35.658581,139.745433,72.68761889075387,222.84121020952895,south
468,2020-01-13 15:33:20.640005,35.65905069603651,139.7459690874907,35.658581,139.745433,71.22002849680733,222.9682895737326,south
469,2020-01-13 15:33:20.640005,35.65909542247788,139.74602165961036,35.658581,139.745433,78.09599022089458,223.04236115863162,south
470,2020-01-13 15:33:20.655596,35.659094456848386,139.7459868975245,35.658581,139.745433,75.9019410766738,221.36072911598325,south
471,2020-01-13 15:33:20.672532,35.659090948079466,139.7460068810052,35.658581,139.745433,76.82244498016338,222.56563179586672,south
472,2020-01-13 15:33:20.672532,35.65914582868372,139.74597587207933,35.658581,139.745433,79.6484456983653,218.11052102798723,south
473,2020-01-13 15:33:20.688185,35.659152294499165,139.74603259675877,35.658581,139.745433,83.46063320206248,220.58181913371612,south
474,2020-01-13 15:33:20.703806,35.659183653374484,139.74599055868896,35.658581,139.745433,83.78553596141889,217.0547738237384,south
475,2020-01-13 15:33:20.703806,35.6592084025664,139.74601470536186,35.658581,139.745433,87.29457292322729,217.11403617042927,south
476,2020-01-13 15:33:20.719400,35.6592285929077,139.74600555888344,35.658581,139.745433,88.60407180837677,215.81274686824423,south
477,2020-01-13 15:33:20.719400,35.6592521472812,139.746022054753,35.658581,139.745433,91.59795588450062,215.61389242495034,south
478,2020-01-13 15:33:20.735052,35.65925850325,139.74597428112585,35.658581,139.745433,89.73819162401493,213.10548204688268,south
479,2020-01-13 15:33:20.750671,35.65925476096293,139.74600847377553,35.658581,139.745433,91.12509161807766,214.87908787499904,south
480,2020-01-13 15:33:20.750671,35.65922704815254,139.74603308547896,35.658581,139.745433,89.94858192537525,217.16429261790384,south
481,2020-01-13 15:33:20.766293,35.65917208249774,139.74598615073978,35.658581,139.745433,82.52171248217351,217.37072928980749,south
482,2020-01-13 15:33:20.781914,35.65912626827319,139.74599606885727,35.658581,139.745433,79.1183341909,220.12301060394404,south
483,2020-01-13 15:33:20.781914,35.65909493574975,139.74600911169978,35.658581,139.745433,77.28508472547159,222.4540459786837,south
484,2020-01-13 15:33:20.797533,35.6590552360313,139.74598163892026,35.658581,139.745433,72.36492134566653,223.35491861081755,south
485,2020-01-13 15:33:20.797533,35.65903710202417,139.7460309486028,35.658581,139.745433,74.11187993974619,226.9350604761824,west
486,2020-01-13 15:33:20.813154,35.65904859338496,139.7459948617585,35.658581,139.745433,72.66404982803633,224.4404219291593,south
487,2020-01-13 15:33:20.828777,35.65906612983506,139.74601787333646,35.658581,139.745433,75.51229459677882,224.53557830056383,south
488,2020-01-13 15:33:20.828777,35.65911490196909,139.7459896496727,35.658581,139.745433,77.78029247337767,220.3942665340758,south
489,2020-01-13 15:33:20.844397,35.6591211608271,139.7459525009711,35.658581,139.745433,76.18883421337792,218.12861954034418,south
490,2020-01-13 15:33:20.860019,35.65913891631771,139.74600621546577,35.658581,139.745433,80.78375157382546,219.97989128941668,south
491,2020-01-13 15:33:20.875612,35.65914575043195,139.74605259466693,35.658581,139.745433,84.10747979099177,221.8405640344454,south
492,2020-01-13 15:33:20.875612,35.65918124409262,139.74604762122655,35.658581,139.745433,86.79155927856377,219.88449540616702,south
493,2020-01-13 15:33:20.891263,35.65922523653107,139.74601172417715,35.658581,139.745433,88.63128151849155,216.24627923762154,south
494,2020-01-13 15:33:20.891263,35.659169927573885,139.74601935876936,35.658581,139.745433,84.19501717444929,219.09600807275143,south
495,2020-01-13 15:33:20.906884,35.65919470703182,139.74600853539127,35.658581,139.745433,85.74700337408558,217.42901165132778,south
496,2020-01-13 15:33:20.922503,35.65916008764434,139.74598063263184,35.658581,139.745433,81.16180146292466,217.660656563177,south
497,2020-01-13 15:33:20.922503,35.65917830574724,139.74595021021287,35.658581,139.745433,81.15080057328711,215.24823826617106,south
498,2020-01-13 15:33:20.938125,35.65915722764907,139.74599278553558,35.658581,139.745433,81.58990016343316,218.40860021739715,south
499,2020-01-13 15:33:20.953773,35.659134031062116,139.74597242852397,35.658581,139.745433,78.42808527290227,218.52148221371831,south
500,2020-01-13 15:33:20.953773,35.659090657894815,139.7459301221777,35.658581,139.745433,72.27712813314002,218.52147753101607,south
501,2020-01-13 15:33:20.969392,35.659053821285845,139.74589419161435,35.658581,139.745433,67.05315072760904,218.5214735541716,south
502,2020-01-13 15:33:20.984990,35.6590221171289,139.74586326726353,35.658581,139.745433,62.557030399339325,218.52147013149892,south
503,2020-01-13 15:33:20.984990,35.658994522151254,139.74583635102124,35.658581,139.745433,58.64365217752447,218.5214671521119,south
504,2020-01-13 15:33:21.000610,35.658970271702046,139.74581269704424,35.658581,139.745433,55.20457740554941,218.52146453450803,south
505,2020-01-13 15:33:21.016234,35.65894878212224,139.74579173602936,35.658581,139.745433,52.157034691680714,218.5214622136371,south
506,2020-01-13 15:33:21.016234,35.65892959969733,139.74577302542184,35.658581,139.745433,49.43668066938878,218.52146014429704,south
507,2020-01-13 15:33:21.041504,35.65891236608541,139.74575621569363,35.658581,139.745433,46.99269718970515,218.5214582822273,south
508,2020-01-13 15:33:21.051516,35.6588967942993,139.74574102691642,35.658581,139.745433,44.78438525056998,218.5214566006299,south
509,2020-01-13 15:33:21.061477,35.65888265164574,139.74572723212032,35.658581,139.745433,42.77874552030078,218.52145507469035,south
510,2020-01-13 15:33:21.071450,35.65886974736675,139.7457146452393,35.658581,139.745433,40.94872570284792,218.521453679799,south
511,2020-01-13 15:33:21.081427,35.658857923530036,139.74570311222564,35.658581,139.745433,39.271928662972876,218.521452400742,south
512,2020-01-13 15:33:21.091398,35.65884704820892,139.7456925043976,35.658581,139.745433,37.72964525439539,218.52145122937702,south
513,2020-01-13 15:33:21.101375,35.658837010304374,139.74568271338873,35.658581,139.745433,36.30611998584133,218.52145014469673,south
514,2020-01-13 15:33:21.112366,35.65882771556355,139.74567364726448,35.658581,139.745433,34.987986407692595,218.5214491410805,south
515,2020-01-13 15:33:21.123340,35.65881908348276,139.74566522750126,35.658581,139.745433,33.7638279048028,218.5214482125286,south
516,2020-01-13 15:33:21.134309,35.65881104487302,139.74565738661187,35.658581,139.745433,32.62383245078746,218.521447342334,south
517,2020-01-13 15:33:21.145275,35.658803539927625,139.74565006626065,35.658581,139.745433,31.559518567546053,218.52144653438071,south
518,2020-01-13 15:33:21.156196,35.65879651667465,139.74564321575397,35.658581,139.745433,30.563515864240987,218.5214457756542,south
519,2020-01-13 15:33:21.167167,35.65878992972734,139.74563679082144,35.658581,139.745433,29.629387823655367,218.52144506448266,south
520,2020-01-13 15:33:21.178139,35.65878373926742,139.74563075262415,35.658581,139.745433,28.75148762139631,218.5214443959798,south
521,2020-01-13 15:33:21.189109,35.65877791021188,139.74562506694204,35.658581,139.745433,27.924839966420347,218.5214437690484,south
522,2020-01-13 15:33:21.200133,35.658772411525725,139.74561970350342,35.658581,139.745433,27.145043632209894,218.5214431761124,south
523,2020-01-13 15:33:21.211102,35.65876721565151,139.74561463542867,35.658581,139.745433,26.408190563660078,218.52144261238516,south
524,2020-01-13 15:33:21.222074,35.658762298033096,139.74560983876566,35.658581,139.745433,25.710798334744744,218.52144208081708,south
525,2020-01-13 15:33:21.233045,35.658757636715926,139.7456052920998,35.658581,139.745433,25.04975345926116,218.52144157925355,south
526,2020-01-13 15:33:21.244017,35.65875321200974,139.74560097622518,35.658581,139.745433,24.422263565129683,218.52144109961992,south
527,2020-01-13 15:33:21.254985,35.65874900620265,139.74559687386554,35.658581,139.745433,23.82581684574112,218.5214406476848,south
528,2020-01-13 15:33:21.266900,35.658745003317634,139.74559296943684,35.658581,139.745433,23.258147517864934,218.5214402175003,south
529,2020-01-13 15:33:21.277924,35.65874118890428,139.74558924884408,35.658581,139.745433,22.717206296665292,218.5214398050317,south
530,2020-01-13 15:33:21.289839,35.65873754985989,139.74558569930687,35.658581,139.745433,22.201135028293628,218.52143941740886,south
531,2020-01-13 15:33:21.300865,35.658734074275316,139.74558230920894,35.658581,139.745433,21.70824480879507,218.52143904141576,south
532,2020-01-13 15:33:21.312832,35.658730751301476,139.7455790679681,35.658581,139.745433,21.236997085134274,218.52143868618342,south
533,2020-01-13 15:33:21.324746,35.65872757103352,139.74557596592308,35.658581,139.745433,20.785987195724825,218.5214383389393,south
534,2020-01-13 15:33:21.335769,35.6587245244099,139.74557299423523,35.658581,139.745433,20.353930079988423,218.52143801161426,south
535,2020-01-13 15:33:21.347684,35.65872160312409,139.74557014480234,35.658581,139.745433,19.939647745704754,218.52143769069679,south
536,2020-01-13 15:33:21.358688,35.65871879954732,139.7455674101833,35.658581,139.745433,19.542058323610693,218.5214373923914,south
537,2020-01-13 15:33:21.369681,35.658716106660535,139.74556478353165,35.658581,139.745433,19.160166402981453,218.52143709905116,south
538,2020-01-13 15:33:21.380651,35.658713517994435,139.74556225853726,35.658581,139.745433,18.793054540953634,218.52143681996145,south
539,2020-01-13 15:33:21.392623,35.65871102757654,139.7455598293745,35.658581,139.745433,18.439875750692927,218.52143655340228,south
540,2020-01-13 15:33:21.404594,35.65870862988418,139.7455574906566,35.658581,139.745433,18.099846835008137,218.52143629505795,south
541,2020-01-13 15:33:21.416541,35.658706319802825,139.7455552373948,35.658581,139.745433,17.77224247819286,218.52143604786073,south
542,2020-01-13 15:33:21.428526,35.6587040925889,139.74555306496217,35.658581,139.745433,17.456389966111757,218.5214358056358,south
543,2020-01-13 15:33:21.440489,35.65870194383667,139.74555096906136,35.658581,139.745433,17.151664501481672,218.52143556552582,south
544,2020-01-13 15:33:21.452459,35.65869986944856,139.7455489456956,35.658581,139.745433,16.857484989392407,218.52143534067724,south
545,2020-01-13 15:33:21.464424,35.658697865608616,139.74554699114276,35.658581,139.745433,16.573310267555964,218.521435121089,south
546,2020-01-13 15:33:21.475398,35.658695928758625,139.74554510193218,35.658581,139.745433,16.298635728163948,218.52143491465696,south
547,2020-01-13 15:33:21.487376,35.65869405557665,139.74554327482363,35.658581,139.745433,16.032990273879154,218.5214347154534,south
548,2020-01-13 15:33:21.498335,35.65869224295769,139.74554150678847,35.658581,139.745433,15.775933565449966,218.52143452405002,south
549,2020-01-13 15:33:21.510306,35.65869048799618,139.7455397949926,35.658581,139.745433,15.527053549861732,218.5214343391212,south
550,2020-01-13 15:33:21.521275,35.6586887879702,139.74553813678102,35.658581,139.745433,15.285964219850158,218.521434153272,south
551,2020-01-13 15:33:21.533241,35.658687140327146,139.74553652966395,35.658581,139.745433,15.052303575714037,218.52143397444826,south
552,2020-01-13 15:33:21.544211,35.65868554267072,139.745534971304,35.658581,139.745433,14.825731789332677,218.52143379633128,south
553,2020-01-13 15:33:21.556163,35.65868399274912,139.7455334595048,35.658581,139.745433,14.605929518490818,218.5214336279811,south
554,2020-01-13 15:33:21.567098,35.658682488444285,139.74553199220034,35.658581,139.745433,14.392596391975415,218.52143346569846,south
555,2020-01-13 15:33:21.578121,35.658681027762064,139.74553056744554,35.658581,139.745433,14.185449609847941,218.52143330830745,south
556,2020-01-13 15:33:21.590036,35.658679608823284,139.74552918340746,35.658581,139.745433,13.984222675975532,218.52143315270945,south
557,2020-01-13 15:33:21.601062,35.65867822985554,139.74552783835728,35.658581,139.745433,13.788664237733675,218.5214330016456,south
558,2020-01-13 15:33:21.612974,35.658676889185706,139.745526530663,35.658581,139.745433,13.598537017913761,218.5214328606525,south
559,2020-01-13 15:33:21.623998,35.65867558523306,139.7455252587828,35.658581,139.745433,13.413616849167935,218.52143271312968,south
560,2020-01-13 15:33:21.635968,35.65867431650299,139.74552402125883,35.658581,139.745433,13.233691771031856,218.52143257093235,south
561,2020-01-13 15:33:21.647902,35.65867308158115,139.74552281671154,35.658581,139.745433,13.058561212094911,218.52143243849818,south
562,2020-01-13 15:33:21.658907,35.658671879128185,139.7455216438345,35.658581,139.745433,12.88803522641497,218.5214323045628,south
563,2020-01-13 15:33:21.670873,35.658670707874776,139.74552050138965,35.658581,139.745433,12.721933809200596,218.52143218065606,south
564,2020-01-13 15:33:21.682843,35.65866956661713,139.74551938820275,35.658581,139.745433,12.560086242725914,218.5214320597369,south
565,2020-01-13 15:33:21.694757,35.65866845421278,139.74551830315949,35.658581,139.745433,12.402330509522079,218.52143193705098,south
566,2020-01-13 15:33:21.705779,35.658667369576726,139.7455172452015,35.658581,139.745433,12.248512740041866,218.52143182826427,south
567,2020-01-13 15:33:21.717747,35.65866631167786,139.7455162133231,35.658581,139.745433,12.098486706023557,218.52143171427514,south
568,2020-01-13 15:33:21.729662,35.65866527953566,139.74551520656783,35.658581,139.745433,11.952113354991502,218.52143160723986,south
569,2020-01-13 15:33:21.740689,35.658664272217095,139.7455142240256,35.658581,139.745433,11.809260368973224,218.5214314994432,south
570,2020-01-13 15:33:21.752657,35.6586632888338,139.74551326482995,35.658581,139.745433,11.669801765905596,218.5214314017731,south
571,2020-01-13 15:33:21.763573,35.65866232853942,139.74551232815529,35.658581,139.745433,11.533617518071342,218.52143128840254,south
572,2020-01-13 15:33:21.775576,35.65866139052715,139.74551141321467,35.658581,139.745433,11.40059320951412,218.521431192381,south
573,2020-01-13 15:33:21.785552,35.65866047402745,139.74551051925752,35.658581,139.745433,11.270619709230772,218.52143109443594,south
574,2020-01-13 15:33:21.798479,35.65865957830591,139.74550964556744,35.658581,139.745433,11.143592864388546,218.5214309945157,south
575,2020-01-13 15:33:21.810502,35.658658702661256,139.74550879146045,35.658581,139.745433,11.019413224933595,218.52143090438364,south
576,2020-01-13 15:33:21.822468,35.65865784642352,139.74550795628303,35.658581,139.745433,10.897985778202537,218.52143081325895,south
577,2020-01-13 15:33:21.834437,35.65865700895229,139.74550713941053,35.658581,139.745433,10.77921970705756,218.52143072379346,south
578,2020-01-13 15:33:21.846350,35.658656189635096,139.74550634024553,35.658581,139.745433,10.663028150350012,218.5214306330519,south
579,2020-01-13 15:33:21.857374,35.6586553878859,139.74550555821642,35.658581,139.745433,10.549328000227305,218.52143054485398,south
580,2020-01-13 15:33:21.869542,35.658654603143695,139.745504792776,35.658581,139.745433,10.438039697951865,218.52143045709698,south
581,2020-01-13 15:33:21.881539,35.65865383487116,139.74550404340013,35.658581,139.745433,10.32908704380463,218.521430367737,south
582,2020-01-13 15:33:21.892536,35.658653082553435,139.74550330958667,35.658581,139.745433,10.222397021849353,218.5214302808829,south
583,2020-01-13 15:33:21.904511,35.65865234569696,139.74550259085416,35.658581,139.745433,10.11789963983399,218.52143021173694,south
584,2020-01-13 15:33:21.916471,35.658651623828355,139.74550188674087,35.658581,139.745433,10.015527761587979,218.52143012491075,south
585,2020-01-13 15:33:21.928439,35.65865091649344,139.74550119680381,35.658581,139.745433,9.915216983755501,218.52143005641412,south
586,2020-01-13 15:33:21.940407,35.65865022325624,139.7455005206177,35.658581,139.745433,9.816905471021075,218.52142997191066,south
587,2020-01-13 15:33:21.953374,35.658649543698075,139.74549985777418,35.658581,139.745433,9.720533853613837,218.52142989692027,south
588,2020-01-13 15:33:21.966285,35.65864887741674,139.74549920788093,35.658581,139.745433,9.626045090755234,218.5214298306406,south
589,2020-01-13 15:33:21.979253,35.65864822402566,139.74549857056087,35.658581,139.745433,9.533384360776541,218.52142975705718,south
590,2020-01-13 15:33:21.991272,35.65864758315319,139.74549794545152,35.658581,139.745433,9.442498958910933,218.52142969117816,south
591,2020-01-13 15:33:22.004186,35.658646954441835,139.74549733220417,35.658581,139.745433,9.353338186369834,218.5214296261403,south
592,2020-01-13 15:33:22.016205,35.65864633754764,139.7454967304833,35.658581,139.745433,9.26585326460107,218.52142955358624,south
593,2020-01-13 15:33:22.028174,35.658645732139505,139.74549613996598,35.658581,139.745433,9.179997240320152,218.52142949432812,south
594,2020-01-13 15:33:22.041138,35.658645137898645,139.74549556034125,35.658581,139.745433,9.095724903096553,218.52142941211056,south
595,2020-01-13 15:33:22.053106,35.65864455451796,139.7454949913096,35.658581,139.745433,9.012992704181736,218.52142935963502,south
596,2020-01-13 15:33:22.065074,35.65864398170156,139.7454944325824,35.658581,139.745433,8.931758680017063,218.52142930654352,south
597,2020-01-13 15:33:22.077042,35.6586434191642,139.7454938838814,35.658581,139.745433,8.851982378800814,218.52142924709628,south
598,2020-01-13 15:33:22.089012,35.658642866630856,139.74549334493835,35.658581,139.745433,8.773624797346073,218.5214291834019,south
599,2020-01-13 15:33:22.100979,35.65864232383625,139.74549281549452,35.658581,139.745433,8.696648317715246,218.52142912826872,south
600,2020-01-13 15:33:22.112946,35.65864179052441,139.74549229530018,35.658581,139.745433,8.621016634468637,218.5214290599847,south
601,2020-01-13 15:33:22.124914,35.65864126644829,139.74549178411442,35.658581,139.745433,8.546694719850505,218.52142900787362,south
602,2020-01-13 15:33:22.136882,35.658640751369354,139.74549128170455,35.658581,139.745433,8.473648738005647,218.52142895871918,south
603,2020-01-13 15:33:22.148850,35.65864024505724,139.74549078784585,35.658581,139.745433,8.401846025749371,218.5214288990478,south
604,2020-01-13 15:33:22.160818,35.65863974728939,139.74549030232126,35.658581,139.745433,8.331255018040341,218.52142883834222,south
605,2020-01-13 15:33:22.173879,35.658639257850744,139.745489824921,35.658581,139.745433,8.26184521820607,218.5214287905922,south
606,2020-01-13 15:33:22.185878,35.6586387765334,139.74548935544232,35.658581,139.745433,8.193587142040004,218.52142873557585,south
607,2020-01-13 15:33:22.198816,35.65863830313634,139.7454888936891,35.658581,139.745433,8.126452281829012,218.5214286947465,south
608,2020-01-13 15:33:22.210787,35.658637837465136,139.7454884394717,35.658581,139.745433,8.06041306294108,218.52142864368693,south
609,2020-01-13 15:33:22.222807,35.65863737933169,139.74548799260666,35.658581,139.745433,7.9954428134866316,218.52142859887135,south
610,2020-01-13 15:33:22.234771,35.65863692855397,139.74548755291642,35.658581,139.745433,7.931515714772609,218.52142854261203,south
611,2020-01-13 15:33:22.247684,35.658636484955764,139.74548712022911,35.658581,139.745433,7.868606783560424,218.52142850306998,south
612,2020-01-13 15:33:22.259707,35.65863604836647,139.74548669437831,35.658581,139.745433,7.806691819097337,218.521428454905,south
613,2020-01-13 15:33:22.271672,35.658635618620835,139.74548627520286,35.658581,139.745433,7.745747390455441,218.52142841347214,south
614,2020-01-13 15:33:22.283643,35.658635195558794,139.7454858625466,35.658581,139.745433,7.685750795989291,218.52142836968488,south
615,2020-01-13 15:33:22.296606,35.658634779025235,139.74548545625822,35.658581,139.745433,7.6266800370370875,218.52142831358373,south
616,2020-01-13 15:33:22.309519,35.65863436886982,139.74548505619111,35.658581,139.745433,7.5685137949915555,218.52142826102286,south
617,2020-01-13 15:33:22.321540,35.658633964946794,139.74548466220313,35.658581,139.745433,7.5112314029074225,218.52142822489967,south
618,2020-01-13 15:33:22.334506,35.658633567114826,139.74548427415635,35.658581,139.745433,7.454812811751417,218.52142817254315,south
619,2020-01-13 15:33:22.347419,35.65863317523682,139.7454838919171,35.658581,139.745433,7.3992385842042605,218.52142813060465,south
620,2020-01-13 15:33:22.359386,35.6586327891798,139.74548351535566,35.658581,139.745433,7.344489859093338,218.52142808655162,south
621,2020-01-13 15:33:22.372351,35.65863240881469,139.74548314434614,35.658581,139.745433,7.290548333597631,218.52142805222786,south
622,2020-01-13 15:33:22.384371,35.65863203401624,139.74548277876636,35.658581,139.745433,7.23739624375271,218.52142800111133,south
623,2020-01-13 15:33:22.397329,35.65863166466285,139.74548241849772,35.658581,139.745433,7.185016348143613,218.52142797041947,south
624,2020-01-13 15:33:22.410287,35.658631300636415,139.74548206342502,35.658581,139.745433,7.1333918953778355,218.52142794026855,south
625,2020-01-13 15:33:22.423215,35.65863094182226,139.7454817134364,35.658581,139.745433,7.082506621151024,218.52142789812686,south
626,2020-01-13 15:33:22.435219,35.65863058810897,139.74548136842316,35.658581,139.745433,7.032344727581979,218.5214278771519,south
627,2020-01-13 15:33:22.447204,35.658630239388295,139.74548102827973,35.658581,139.745433,6.9828908610711355,218.52142783664635,south
628,2020-01-13 15:33:22.459173,35.65862989555502,139.7454806929035,35.658581,139.745433,6.934130102233064,218.5214277986478,south
629,2020-01-13 15:33:22.472084,35.65862955650688,139.7454803621947,35.658581,139.745433,6.886047948059796,218.5214277722764,south
630,2020-01-13 15:33:22.484109,35.65862922214445,139.74548003605636,35.658581,139.745433,6.838630297283487,218.5214277275234,south
631,2020-01-13 15:33:22.497018,35.65862889237103,139.74547971439415,35.658581,139.745433,6.791863436556814,218.52142768669944,south
632,2020-01-13 15:33:22.510070,35.658628567092585,139.74547939711636,35.658581,139.745433,6.7457340330017965,218.52142765156785,south
633,2020-01-13 15:33:22.523945,35.65862824621763,139.74547908413376,35.658581,139.745433,6.700229110398535,218.52142761361844,south
634,2020-01-13 15:33:22.536964,35.65862792965715,139.74547877535952,35.658581,139.745433,6.655336047027051,218.5214275938624,south
635,2020-01-13 15:33:22.546100,35.65862761732451,139.74547847070912,35.658581,139.745433,6.611042552749602,218.52142754671544,south
636,2020-01-13 15:33:22.561777,35.6586273091354,139.7454781701003,35.658581,139.745433,6.56733667325112,218.52142750815943,south
637,2020-01-13 15:33:22.561777,35.658627005007716,139.74547787345307,35.658581,139.745433,6.524206768779882,218.52142748847936,south
638,2020-01-13 15:33:22.577372,35.65862670486153,139.7454775806894,35.658581,139.745433,6.481641500392323,218.52142746405283,south
639,2020-01-13 15:33:22.592966,35.65862640861901,139.74547729173335,35.658581,139.745433,6.439629829229826,218.52142743376092,south
640,2020-01-13 15:33:22.608614,35.65862611620431,139.74547700651098,35.658581,139.745433,6.398161000499446,218.52142740207532,south
641,2020-01-13 15:33:22.624236,35.658625827543574,139.74547672495024,35.658581,139.745433,6.357224541762526,218.521427364976,south
642,2020-01-13 15:33:22.624236,35.65862554256481,139.74547644698092,35.658581,139.745433,6.31681024166396,218.52142732970356,south
643,2020-01-13 15:33:22.639829,35.658625261197884,139.74547617253458,35.658581,139.745433,6.276908154131059,218.52142731149107,south
644,2020-01-13 15:33:22.655478,35.65862498337441,139.74547590154455,35.658581,139.745433,6.237508582854021,218.52142728498774,south
645,2020-01-13 15:33:22.671102,35.658624709027734,139.7454756339458,35.658581,139.745433,6.198602072717773,218.52142724601887,south
646,2020-01-13 15:33:22.686723,35.658624438092865,139.74547536967495,35.658581,139.745433,6.160179410131388,218.52142723721792,south
647,2020-01-13 15:33:22.702314,35.65862417050642,139.74547510867015,35.658581,139.745433,6.122231603097664,218.52142719479778,south
648,2020-01-13 15:33:22.702314,35.658623906206586,139.74547485087112,35.658581,139.745433,6.084749888652907,218.52142716677307,south
649,2020-01-13 15:33:22.719302,35.65862364513305,139.74547459621903,35.658581,139.745433,6.047725708961051,218.5214271340251,south
650,2020-01-13 15:33:22.734979,35.65862338722698,139.74547434465651,35.658581,139.745433,6.011150727491974,218.52142711002503,south
651,2020-01-13 15:33:22.750600,35.65862313243097,139.74547409612757,35.658581,139.745433,5.975016798364809,218.5214270934579,south
652,2020-01-13 15:33:22.750600,35.65862288068899,139.74547385057753,35.658581,139.745433,5.939315976457053,218.52142707536393,south
653,2020-01-13 15:33:22.766221,35.65862263194634,139.74547360795304,35.658581,139.745433,5.904040506795681,218.5214270637101,south
654,2020-01-13 15:33:22.781851,35.658622386149645,139.74547336820206,35.658581,139.745433,5.8691828163297926,218.5214270328408,south
655,2020-01-13 15:33:22.797467,35.65862214324677,139.74547313127368,35.658581,139.745433,5.834735512101866,218.52142699461166,south
656,2020-01-13 15:33:22.813062,35.658621903186805,139.7454728971183,35.658581,139.745433,5.8006913775486755,218.52142697041793,south
657,2020-01-13 15:33:22.813062,35.658621665920045,139.74547266568743,35.658581,139.745433,5.767043359522271,218.5214269478237,south
658,2020-01-13 15:33:22.828656,35.65862143139792,139.74547243693368,35.658581,139.745433,5.7337845722654714,218.52142690679764,south
659,2020-01-13 15:33:22.844331,35.65862119957299,139.7454722108108,35.658581,139.745433,5.700908290502066,218.52142687478425,south
660,2020-01-13 15:33:22.859949,35.658620970398914,139.74547198727356,35.658581,139.745433,5.668407938668931,218.52142686588664,south
661,2020-01-13 15:33:22.875578,35.65862074383039,139.7454717662778,35.658581,139.745433,5.636277092797792,218.52142683530437,south
662,2020-01-13 15:33:22.891140,35.65862051982315,139.7454715477803,35.658581,139.745433,5.604509476251934,218.52142680266826,south
663,2020-01-13 15:33:22.891140,35.65862029833393,139.7454713317389,35.658581,139.745433,5.573098953157209,218.52142678654232,south
664,2020-01-13 15:33:22.906817,35.65862007932043,139.74547111811233,35.658581,139.745433,5.542039523820766,218.5214267507481,south
665,2020-01-13 15:33:22.922437,35.65861986274129,139.74547090686025,35.658581,139.745433,5.511325324943055,218.52142672353358,south
666,2020-01-13 15:33:22.938060,35.658619648556076,139.7454706979432,35.658581,139.745433,5.480950620784684,218.52142671896263,south
667,2020-01-13 15:33:22.953680,35.658619436725246,139.74547049132264,35.658581,139.745433,5.450909802231255,218.52142668242269,south
668,2020-01-13 15:33:22.969302,35.658619227210124,139.74547028696082,35.658581,139.745433,5.421197388493301,218.5214266611769,south
669,2020-01-13 15:33:22.969302,35.658619019972875,139.74547008482085,35.658581,139.745433,5.391808010545599,218.52142663432528,south
670,2020-01-13 15:33:22.984919,35.65861881497648,139.74546988486662,35.658581,139.745433,5.362736419460506,218.52142662883415,south
671,2020-01-13 15:33:23.000489,35.658618612184725,139.7454696870628,35.658581,139.745433,5.333977480338753,218.52142661457074,south
672,2020-01-13 15:33:23.016164,35.65861841156218,139.74546949137485,35.658581,139.745433,5.305526166281815,218.52142658637686,south
673,2020-01-13 15:33:23.034982,35.658618213074156,139.7454692977689,35.658581,139.745433,5.277377562038015,218.52142656521326,south
674,2020-01-13 15:33:23.048004,35.65861801668672,139.74546910621186,35.658581,139.745433,5.249526849035755,218.521426536041,south
675,2020-01-13 15:33:23.062025,35.65861782236662,139.74546891667134,35.658581,139.745433,5.221969320126896,218.52142654426828,south
676,2020-01-13 15:33:23.075024,35.65861763008135,139.74546872911557,35.658581,139.745433,5.194700357944995,218.52142649758832,south
677,2020-01-13 15:33:23.088984,35.65861743979905,139.7454685435135,35.658581,139.745433,5.167715448584687,218.5214264660852,south
678,2020-01-13 15:33:23.102947,35.658617251488536,139.74546835983475,35.658581,139.745433,5.141010166646348,218.52142645815888,south
679,2020-01-13 15:33:23.116880,35.658617065119266,139.74546817804946,35.658581,139.745433,5.1145801828046675,218.52142641737925,south
680,2020-01-13 15:33:23.130843,35.65861688066132,139.7454679981285,35.658581,139.745433,5.088421254570316,218.521426403102,south
681,2020-01-13 15:33:23.145062,35.6586166980854,139.74546782004327,35.658581,139.745433,5.062529224813401,218.52142637345784,south
682,2020-01-13 15:33:23.159009,35.6586165173628,139.74546764376578,35.658581,139.745433,5.036900025398147,218.5214263508259,south
683,2020-01-13 15:33:23.172005,35.65861633846539,139.7454674692686,35.658581,139.745433,5.011529664980064,218.52142633253,south
